<?xml version="1.0" encoding="utf-8"?>
<components xmlns:xsd="http://www.w3.org/2001/XMLSchema" xmlns:xsi="http://www.w3.org/2001/XMLSchema-instance">
  <component type="Instrument">
    <tag>
      <point x="710" y="150" />
      <point x="0" y="0" />
      <attributes>
        <ROTATION_>0</ROTATION_>
        <PATH_>\Instrumentation\System Functions\D C S\DCS Field Mounted.sym</PATH_>
        <HANDLE_>257</HANDLE_>
        <TAG_>901  </TAG_>
        <FUNCTION_>HS</FUNCTION_>
        <LONGDESC_ />
        <LINE_NUM_ />
        <INSULATE_ />
        <ENDFLANGE_>false</ENDFLANGE_>
      </attributes>
    </tag>
    <tag>
      <point x="740" y="150" />
      <point x="0" y="0" />
      <attributes>
        <ROTATION_>0</ROTATION_>
        <PATH_>\Instrumentation\Off-Line\Without Implied Components\Single Function\Disc Single-Func Field Mounted.sym</PATH_>
        <HANDLE_>299</HANDLE_>
        <TAG_>901 A</TAG_>
        <FUNCTION_>HS</FUNCTION_>
        <LONGDESC_ />
        <LINE_NUM_ />
        <INSULATE_ />
        <ENDFLANGE_>false</ENDFLANGE_>
      </attributes>
    </tag>
    <tag>
      <point x="750" y="175" />
      <point x="0" y="0" />
      <attributes>
        <ROTATION_>0</ROTATION_>
        <PATH_>\Instrumentation\System Functions\D C S\DCS Field Mounted.sym</PATH_>
        <HANDLE_>285</HANDLE_>
        <TAG_>901  </TAG_>
        <FUNCTION_>LI</FUNCTION_>
        <LONGDESC_ />
        <LINE_NUM_ />
        <INSULATE_ />
        <ENDFLANGE_>false</ENDFLANGE_>
      </attributes>
    </tag>
    <tag>
      <point x="775" y="175" />
      <point x="0" y="0" />
      <attributes>
        <ROTATION_>0</ROTATION_>
        <PATH_>\Instrumentation\Off-Line\Without Implied Components\Single Function\Disc Single-Func Field Mounted.sym</PATH_>
        <HANDLE_>2A8</HANDLE_>
        <TAG_>901 A</TAG_>
        <FUNCTION_>LI</FUNCTION_>
        <LONGDESC_ />
        <LINE_NUM_ />
        <INSULATE_ />
        <ENDFLANGE_>false</ENDFLANGE_>
      </attributes>
    </tag>
    <tag>
      <point x="665" y="180" />
      <point x="0" y="0" />
      <attributes>
        <ROTATION_>0</ROTATION_>
        <PATH_>\Instrumentation\System Functions\D C S\DCS Field Mounted.sym</PATH_>
        <HANDLE_>269</HANDLE_>
        <TAG_>003  </TAG_>
        <FUNCTION_>TI</FUNCTION_>
        <LONGDESC_ />
        <LINE_NUM_ />
        <INSULATE_ />
        <ENDFLANGE_>false</ENDFLANGE_>
      </attributes>
    </tag>
    <tag>
      <point x="700" y="180" />
      <point x="0" y="0" />
      <attributes>
        <ROTATION_>0</ROTATION_>
        <PATH_>\Instrumentation\Off-Line\Without Implied Components\Single Function\Disc Single-Func Field Mounted.sym</PATH_>
        <HANDLE_>294</HANDLE_>
        <TAG_>003 A</TAG_>
        <FUNCTION_>TI</FUNCTION_>
        <LONGDESC_ />
        <LINE_NUM_ />
        <INSULATE_ />
        <ENDFLANGE_>false</ENDFLANGE_>
      </attributes>
    </tag>
    <tag>
      <point x="770" y="240" />
      <point x="0" y="0" />
      <attributes>
        <ROTATION_>0</ROTATION_>
        <PATH_>\Instrumentation\System Functions\D C S\DCS Field Mounted.sym</PATH_>
        <HANDLE_>2AD</HANDLE_>
        <TAG_>002  </TAG_>
        <FUNCTION_>LI</FUNCTION_>
        <LONGDESC_ />
        <LINE_NUM_ />
        <INSULATE_ />
        <ENDFLANGE_>false</ENDFLANGE_>
      </attributes>
    </tag>
    <tag>
      <point x="795" y="240" />
      <point x="0" y="0" />
      <attributes>
        <ROTATION_>0</ROTATION_>
        <PATH_>\Instrumentation\Off-Line\Without Implied Components\Single Function\Disc Single-Func Field Mounted.sym</PATH_>
        <HANDLE_>2C1</HANDLE_>
        <TAG_>002 A</TAG_>
        <FUNCTION_>LI</FUNCTION_>
        <LONGDESC_ />
        <LINE_NUM_ />
        <INSULATE_ />
        <ENDFLANGE_>false</ENDFLANGE_>
      </attributes>
    </tag>
    <tag>
      <point x="100" y="280" />
      <point x="0" y="0" />
      <attributes>
        <ROTATION_>0</ROTATION_>
        <PATH_>\Instrumentation\System Functions\D C S\DCS Field Mounted.sym</PATH_>
        <HANDLE_>28F</HANDLE_>
        <TAG_>005 </TAG_>
        <FUNCTION_>PI</FUNCTION_>
        <LONGDESC_ />
        <LINE_NUM_ />
        <INSULATE_ />
        <ENDFLANGE_>false</ENDFLANGE_>
      </attributes>
    </tag>
    <tag>
      <point x="500" y="335" />
      <point x="0" y="0" />
      <attributes>
        <ROTATION_>0</ROTATION_>
        <PATH_>\Instrumentation\Off-Line\Without Implied Components\Single Function\Disc Single-Func Field Mounted.sym</PATH_>
        <HANDLE_>27F</HANDLE_>
        <TAG_>003 A</TAG_>
        <FUNCTION_>PI</FUNCTION_>
        <LONGDESC_ />
        <LINE_NUM_ />
        <INSULATE_ />
        <ENDFLANGE_>false</ENDFLANGE_>
      </attributes>
    </tag>
    <tag>
      <point x="525" y="335" />
      <point x="0" y="0" />
      <attributes>
        <ROTATION_>0</ROTATION_>
        <PATH_>\Instrumentation\System Functions\D C S\DCS Field Mounted.sym</PATH_>
        <HANDLE_>264</HANDLE_>
        <TAG_>003  </TAG_>
        <FUNCTION_>PI</FUNCTION_>
        <LONGDESC_ />
        <LINE_NUM_ />
        <INSULATE_ />
        <ENDFLANGE_>false</ENDFLANGE_>
      </attributes>
    </tag>
    <tag>
      <point x="705" y="405" />
      <point x="0" y="0" />
      <attributes>
        <ROTATION_>0</ROTATION_>
        <PATH_>\Instrumentation\System Functions\D C S\DCS Field Mounted.sym</PATH_>
        <HANDLE_>270</HANDLE_>
        <TAG_>002  </TAG_>
        <FUNCTION_>TI</FUNCTION_>
        <LONGDESC_ />
        <LINE_NUM_ />
        <INSULATE_ />
        <ENDFLANGE_>false</ENDFLANGE_>
      </attributes>
    </tag>
    <tag>
      <point x="765" y="405" />
      <point x="0" y="0" />
      <attributes>
        <ROTATION_>0</ROTATION_>
        <PATH_>\Instrumentation\System Functions\D C S\DCS Field Mounted.sym</PATH_>
        <HANDLE_>2B2</HANDLE_>
        <TAG_>002  </TAG_>
        <FUNCTION_>FI</FUNCTION_>
        <LONGDESC_ />
        <LINE_NUM_ />
        <INSULATE_ />
        <ENDFLANGE_>false</ENDFLANGE_>
      </attributes>
    </tag>
    <tag>
      <point x="795" y="405" />
      <point x="0" y="0" />
      <attributes>
        <ROTATION_>0</ROTATION_>
        <PATH_>\Instrumentation\System Functions\D C S\DCS Field Mounted.sym</PATH_>
        <HANDLE_>2BC</HANDLE_>
        <TAG_>901  </TAG_>
        <FUNCTION_>PI</FUNCTION_>
        <LONGDESC_ />
        <LINE_NUM_ />
        <INSULATE_ />
        <ENDFLANGE_>false</ENDFLANGE_>
      </attributes>
    </tag>
    <tag>
      <point x="710" y="535" />
      <point x="0" y="0" />
      <attributes>
        <ROTATION_>0</ROTATION_>
        <PATH_>\Instrumentation\System Functions\D C S\DCS Field Mounted.sym</PATH_>
        <HANDLE_>C68</HANDLE_>
        <TAG_>900  </TAG_>
        <FUNCTION_>HS</FUNCTION_>
        <LONGDESC_ />
        <LINE_NUM_ />
        <INSULATE_ />
        <ENDFLANGE_>false</ENDFLANGE_>
      </attributes>
    </tag>
    <tag>
      <point x="740" y="535" />
      <point x="0" y="0" />
      <attributes>
        <ROTATION_>0</ROTATION_>
        <PATH_>\Instrumentation\Off-Line\Without Implied Components\Single Function\Disc Single-Func Field Mounted.sym</PATH_>
        <HANDLE_>C8D</HANDLE_>
        <TAG_>900 A</TAG_>
        <FUNCTION_>HS</FUNCTION_>
        <LONGDESC_ />
        <LINE_NUM_ />
        <INSULATE_ />
        <ENDFLANGE_>false</ENDFLANGE_>
      </attributes>
    </tag>
    <tag>
      <point x="665" y="560" />
      <point x="0" y="0" />
      <attributes>
        <ROTATION_>0</ROTATION_>
        <PATH_>\Instrumentation\System Functions\D C S\DCS Field Mounted.sym</PATH_>
        <HANDLE_>C74</HANDLE_>
        <TAG_>004  </TAG_>
        <FUNCTION_>TI</FUNCTION_>
        <LONGDESC_ />
        <LINE_NUM_ />
        <INSULATE_ />
        <ENDFLANGE_>false</ENDFLANGE_>
      </attributes>
    </tag>
    <tag>
      <point x="700" y="560" />
      <point x="0" y="0" />
      <attributes>
        <ROTATION_>0</ROTATION_>
        <PATH_>\Instrumentation\Off-Line\Without Implied Components\Single Function\Disc Single-Func Field Mounted.sym</PATH_>
        <HANDLE_>C88</HANDLE_>
        <TAG_>004 A</TAG_>
        <FUNCTION_>TI</FUNCTION_>
        <LONGDESC_ />
        <LINE_NUM_ />
        <INSULATE_ />
        <ENDFLANGE_>false</ENDFLANGE_>
      </attributes>
    </tag>
    <tag>
      <point x="750" y="560" />
      <point x="0" y="0" />
      <attributes>
        <ROTATION_>0</ROTATION_>
        <PATH_>\Instrumentation\System Functions\D C S\DCS Field Mounted.sym</PATH_>
        <HANDLE_>C7E</HANDLE_>
        <TAG_>900  </TAG_>
        <FUNCTION_>LI</FUNCTION_>
        <LONGDESC_ />
        <LINE_NUM_ />
        <INSULATE_ />
        <ENDFLANGE_>false</ENDFLANGE_>
      </attributes>
    </tag>
    <tag>
      <point x="775" y="560" />
      <point x="0" y="0" />
      <attributes>
        <ROTATION_>0</ROTATION_>
        <PATH_>\Instrumentation\Off-Line\Without Implied Components\Single Function\Disc Single-Func Field Mounted.sym</PATH_>
        <HANDLE_>C92</HANDLE_>
        <TAG_>900 A</TAG_>
        <FUNCTION_>LI</FUNCTION_>
        <LONGDESC_ />
        <LINE_NUM_ />
        <INSULATE_ />
        <ENDFLANGE_>false</ENDFLANGE_>
      </attributes>
    </tag>
    <tag>
      <point x="770" y="625" />
      <point x="0" y="0" />
      <attributes>
        <ROTATION_>0</ROTATION_>
        <PATH_>\Instrumentation\System Functions\D C S\DCS Field Mounted.sym</PATH_>
        <HANDLE_>C97</HANDLE_>
        <TAG_>001  </TAG_>
        <FUNCTION_>LI</FUNCTION_>
        <LONGDESC_ />
        <LINE_NUM_ />
        <INSULATE_ />
        <ENDFLANGE_>false</ENDFLANGE_>
      </attributes>
    </tag>
    <tag>
      <point x="795" y="625" />
      <point x="0" y="0" />
      <attributes>
        <ROTATION_>0</ROTATION_>
        <PATH_>\Instrumentation\Off-Line\Without Implied Components\Single Function\Disc Single-Func Field Mounted.sym</PATH_>
        <HANDLE_>C9C</HANDLE_>
        <TAG_>001 A</TAG_>
        <FUNCTION_>LI</FUNCTION_>
        <LONGDESC_ />
        <LINE_NUM_ />
        <INSULATE_ />
        <ENDFLANGE_>false</ENDFLANGE_>
      </attributes>
    </tag>
    <tag>
      <point x="100" y="660" />
      <point x="0" y="0" />
      <attributes>
        <ROTATION_>0</ROTATION_>
        <PATH_>\Instrumentation\System Functions\D C S\DCS Field Mounted.sym</PATH_>
        <HANDLE_>C83</HANDLE_>
        <TAG_>005  </TAG_>
        <FUNCTION_>PI</FUNCTION_>
        <LONGDESC_ />
        <LINE_NUM_ />
        <INSULATE_ />
        <ENDFLANGE_>false</ENDFLANGE_>
      </attributes>
    </tag>
    <tag>
      <point x="500" y="720" />
      <point x="0" y="0" />
      <attributes>
        <ROTATION_>0</ROTATION_>
        <PATH_>\Instrumentation\Off-Line\Without Implied Components\Single Function\Disc Single-Func Field Mounted.sym</PATH_>
        <HANDLE_>24C</HANDLE_>
        <TAG_>001 A</TAG_>
        <FUNCTION_>PI</FUNCTION_>
        <LONGDESC_ />
        <LINE_NUM_ />
        <INSULATE_ />
        <ENDFLANGE_>false</ENDFLANGE_>
      </attributes>
    </tag>
    <tag>
      <point x="525" y="720" />
      <point x="0" y="0" />
      <attributes>
        <ROTATION_>0</ROTATION_>
        <PATH_>\Instrumentation\System Functions\D C S\DCS Field Mounted.sym</PATH_>
        <HANDLE_>252</HANDLE_>
        <TAG_>001  </TAG_>
        <FUNCTION_>PI</FUNCTION_>
        <LONGDESC_ />
        <LINE_NUM_ />
        <INSULATE_ />
        <ENDFLANGE_>false</ENDFLANGE_>
      </attributes>
    </tag>
    <tag>
      <point x="745" y="765" />
      <point x="0" y="0" />
      <attributes>
        <ROTATION_>0</ROTATION_>
        <PATH_>\Instrumentation\System Functions\D C S\DCS Field Mounted.sym</PATH_>
        <HANDLE_>2C6</HANDLE_>
        <TAG_>901  </TAG_>
        <FUNCTION_>TI</FUNCTION_>
        <LONGDESC_ />
        <LINE_NUM_ />
        <INSULATE_ />
        <ENDFLANGE_>false</ENDFLANGE_>
      </attributes>
    </tag>
    <tag>
      <point x="775" y="765" />
      <point x="0" y="0" />
      <attributes>
        <ROTATION_>0</ROTATION_>
        <PATH_>\Instrumentation\System Functions\D C S\DCS Field Mounted.sym</PATH_>
        <HANDLE_>2B7</HANDLE_>
        <TAG_>001  </TAG_>
        <FUNCTION_>FI</FUNCTION_>
        <LONGDESC_ />
        <LINE_NUM_ />
        <INSULATE_ />
        <ENDFLANGE_>false</ENDFLANGE_>
      </attributes>
    </tag>
    <tag>
      <point x="805" y="765" />
      <point x="0" y="0" />
      <attributes>
        <ROTATION_>0</ROTATION_>
        <PATH_>\Instrumentation\System Functions\D C S\DCS Field Mounted.sym</PATH_>
        <HANDLE_>27A</HANDLE_>
        <TAG_>902  </TAG_>
        <FUNCTION_>PI</FUNCTION_>
        <LONGDESC_ />
        <LINE_NUM_ />
        <INSULATE_ />
        <ENDFLANGE_>false</ENDFLANGE_>
      </attributes>
    </tag>
  </component>
  <component type="Lines">
    <tag>
      <point x="630" y="120" />
      <point x="980" y="120" />
      <attributes>
        <ROTATION_>0</ROTATION_>
        <PATH_>\Piping\Routing\Process Lines\Primary Piping.sym</PATH_>
        <TAG_>518-DO-4667-1CS1S06-2"-NI</TAG_>
        <ENDFLANGE_>false</ENDFLANGE_>
      </attributes>
    </tag>
    <tag>
      <point x="625" y="140" />
      <point x="630" y="140" />
      <attributes>
        <ROTATION_>0</ROTATION_>
        <PATH_>\Piping\Routing\Process Lines\Primary Piping.sym</PATH_>
        <TAG_>518-BC-4669-1CA1S01-2"-NI</TAG_>
        <ENDFLANGE_>false</ENDFLANGE_>
      </attributes>
    </tag>
    <tag>
      <point x="625" y="150" />
      <point x="630" y="150" />
      <attributes>
        <ROTATION_>0</ROTATION_>
        <PATH_>\Piping\Routing\Process Lines\Primary Piping.sym</PATH_>
        <TAG_ />
        <ENDFLANGE_>false</ENDFLANGE_>
      </attributes>
    </tag>
    <tag>
      <point x="120" y="170" />
      <point x="245" y="170" />
      <attributes>
        <ROTATION_>0</ROTATION_>
        <PATH_>\Piping\Routing\Process Lines\Primary Piping.sym</PATH_>
        <TAG_ />
        <ENDFLANGE_>false</ENDFLANGE_>
      </attributes>
    </tag>
    <tag>
      <point x="30" y="195" />
      <point x="310" y="195" />
      <attributes>
        <ROTATION_>0</ROTATION_>
        <PATH_>\Piping\Routing\Process Lines\Primary Piping.sym</PATH_>
        <TAG_>518-SCL-4670-1CS1S05- -IH</TAG_>
        <ENDFLANGE_>false</ENDFLANGE_>
      </attributes>
    </tag>
    <tag>
      <point x="310" y="245" />
      <point x="370" y="245" />
      <attributes>
        <ROTATION_>0</ROTATION_>
        <PATH_>\Piping\Routing\Process Lines\Primary Piping.sym</PATH_>
        <TAG_>518-SCL-4670-1CS1S05- -IH</TAG_>
        <ENDFLANGE_>false</ENDFLANGE_>
      </attributes>
    </tag>
    <tag>
      <point x="30" y="260" />
      <point x="370" y="260" />
      <attributes>
        <ROTATION_>0</ROTATION_>
        <PATH_>\Piping\Routing\Process Lines\Primary Piping.sym</PATH_>
        <TAG_>517-SL-4671-1CS1S05- -IH</TAG_>
        <ENDFLANGE_>false</ENDFLANGE_>
      </attributes>
    </tag>
    <tag>
      <point x="50" y="365" />
      <point x="415" y="365" />
      <attributes>
        <ROTATION_>0</ROTATION_>
        <PATH_>\Piping\Routing\Process Lines\Primary Piping.sym</PATH_>
        <TAG_>518-BC-4650-1CA1S01-30"-NI</TAG_>
        <ENDFLANGE_>false</ENDFLANGE_>
      </attributes>
    </tag>
    <tag>
      <point x="610" y="390" />
      <point x="980" y="390" />
      <attributes>
        <ROTATION_>0</ROTATION_>
        <PATH_>\Piping\Routing\Process Lines\Primary Piping.sym</PATH_>
        <TAG_>518-BHP-4668-1CS1S06-30"-NI</TAG_>
        <ENDFLANGE_>false</ENDFLANGE_>
      </attributes>
    </tag>
    <tag>
      <point x="50" y="400" />
      <point x="395" y="400" />
      <attributes>
        <ROTATION_>0</ROTATION_>
        <PATH_>\Piping\Routing\Process Lines\Primary Piping.sym</PATH_>
        <TAG_>518-BHP-4653-1CS1S06-30"-NI</TAG_>
        <ENDFLANGE_>false</ENDFLANGE_>
      </attributes>
    </tag>
    <tag>
      <point x="630" y="505" />
      <point x="980" y="505" />
      <attributes>
        <ROTATION_>0</ROTATION_>
        <PATH_>\Piping\Routing\Process Lines\Primary Piping.sym</PATH_>
        <TAG_>518-DO-4635-1CS1S04-6"-NI</TAG_>
        <ENDFLANGE_>false</ENDFLANGE_>
      </attributes>
    </tag>
    <tag>
      <point x="120" y="555" />
      <point x="245" y="555" />
      <attributes>
        <ROTATION_>0</ROTATION_>
        <PATH_>\Piping\Routing\Process Lines\Primary Piping.sym</PATH_>
        <TAG_ />
        <ENDFLANGE_>false</ENDFLANGE_>
      </attributes>
    </tag>
    <tag>
      <point x="30" y="580" />
      <point x="310" y="580" />
      <attributes>
        <ROTATION_>0</ROTATION_>
        <PATH_>\Piping\Routing\Process Lines\Primary Piping.sym</PATH_>
        <TAG_>518-SCL-4664-1CS1S05- -IH</TAG_>
        <ENDFLANGE_>false</ENDFLANGE_>
      </attributes>
    </tag>
    <tag>
      <point x="310" y="630" />
      <point x="370" y="630" />
      <attributes>
        <ROTATION_>0</ROTATION_>
        <PATH_>\Piping\Routing\Process Lines\Primary Piping.sym</PATH_>
        <TAG_>518-SCL-4664-1CS1S05- -IH</TAG_>
        <ENDFLANGE_>false</ENDFLANGE_>
      </attributes>
    </tag>
    <tag>
      <point x="30" y="645" />
      <point x="370" y="645" />
      <attributes>
        <ROTATION_>0</ROTATION_>
        <PATH_>\Piping\Routing\Process Lines\Primary Piping.sym</PATH_>
        <TAG_>517-SL-4665-1CS1S05- -IH</TAG_>
        <ENDFLANGE_>false</ENDFLANGE_>
      </attributes>
    </tag>
    <tag>
      <point x="50" y="745" />
      <point x="465" y="745" />
      <attributes>
        <ROTATION_>0</ROTATION_>
        <PATH_>\Piping\Routing\Process Lines\Primary Piping.sym</PATH_>
        <TAG_>518-BL-4662-1CS1S06-24"-NI</TAG_>
        <ENDFLANGE_>false</ENDFLANGE_>
      </attributes>
    </tag>
    <tag>
      <point x="610" y="745" />
      <point x="980" y="745" />
      <attributes>
        <ROTATION_>0</ROTATION_>
        <PATH_>\Piping\Routing\Process Lines\Primary Piping.sym</PATH_>
        <TAG_>518-BL-4666-1CS1S06-24"-NI</TAG_>
        <ENDFLANGE_>false</ENDFLANGE_>
      </attributes>
    </tag>
    <tag>
      <point x="30" y="260" />
      <point x="30" y="265" />
      <attributes>
        <ROTATION_>0</ROTATION_>
        <PATH_>\Piping\Routing\Process Lines\Primary Piping.sym</PATH_>
        <TAG_>517-SL-4671-1CS1S05- -IH</TAG_>
        <ENDFLANGE_>false</ENDFLANGE_>
      </attributes>
    </tag>
    <tag>
      <point x="120" y="170" />
      <point x="120" y="195" />
      <attributes>
        <ROTATION_>0</ROTATION_>
        <PATH_>\Piping\Routing\Process Lines\Primary Piping.sym</PATH_>
        <TAG_>518-SCL-4670-1CS1S05- -IH</TAG_>
        <ENDFLANGE_>false</ENDFLANGE_>
      </attributes>
    </tag>
    <tag>
      <point x="120" y="555" />
      <point x="120" y="580" />
      <attributes>
        <ROTATION_>0</ROTATION_>
        <PATH_>\Piping\Routing\Process Lines\Primary Piping.sym</PATH_>
        <TAG_>518-SCL-4664-1CS1S05- -IH</TAG_>
        <ENDFLANGE_>false</ENDFLANGE_>
      </attributes>
    </tag>
    <tag>
      <point x="195" y="185" />
      <point x="195" y="195" />
      <attributes>
        <ROTATION_>0</ROTATION_>
        <PATH_>\Piping\Routing\Process Lines\Primary Piping.sym</PATH_>
        <TAG_>518-SCL-4670-1CS1S05- -IH</TAG_>
        <ENDFLANGE_>false</ENDFLANGE_>
      </attributes>
    </tag>
    <tag>
      <point x="195" y="570" />
      <point x="195" y="580" />
      <attributes>
        <ROTATION_>0</ROTATION_>
        <PATH_>\Piping\Routing\Process Lines\Primary Piping.sym</PATH_>
        <TAG_>518-SCL-4664-1CS1S05- -IH</TAG_>
        <ENDFLANGE_>false</ENDFLANGE_>
      </attributes>
    </tag>
    <tag>
      <point x="245" y="170" />
      <point x="245" y="195" />
      <attributes>
        <ROTATION_>0</ROTATION_>
        <PATH_>\Piping\Routing\Process Lines\Primary Piping.sym</PATH_>
        <TAG_>518-SCL-4670-1CS1S05- -IH</TAG_>
        <ENDFLANGE_>false</ENDFLANGE_>
      </attributes>
    </tag>
    <tag>
      <point x="245" y="555" />
      <point x="245" y="580" />
      <attributes>
        <ROTATION_>0</ROTATION_>
        <PATH_>\Piping\Routing\Process Lines\Primary Piping.sym</PATH_>
        <TAG_>518-SCL-4664-1CS1S05- -IH</TAG_>
        <ENDFLANGE_>false</ENDFLANGE_>
      </attributes>
    </tag>
    <tag>
      <point x="310" y="195" />
      <point x="310" y="245" />
      <attributes>
        <ROTATION_>0</ROTATION_>
        <PATH_>\Piping\Routing\Process Lines\Primary Piping.sym</PATH_>
        <TAG_>518-SCL-4670-1CS1S05- -IH</TAG_>
        <ENDFLANGE_>false</ENDFLANGE_>
      </attributes>
    </tag>
    <tag>
      <point x="310" y="580" />
      <point x="310" y="630" />
      <attributes>
        <ROTATION_>0</ROTATION_>
        <PATH_>\Piping\Routing\Process Lines\Primary Piping.sym</PATH_>
        <TAG_>518-SCL-4664-1CS1S05- -IH</TAG_>
        <ENDFLANGE_>false</ENDFLANGE_>
      </attributes>
    </tag>
    <tag>
      <point x="395" y="365" />
      <point x="395" y="400" />
      <attributes>
        <ROTATION_>0</ROTATION_>
        <PATH_>\Piping\Routing\Process Lines\Primary Piping.sym</PATH_>
        <TAG_>518-BC-4650-1CA1S01-30"-NI</TAG_>
        <ENDFLANGE_>false</ENDFLANGE_>
      </attributes>
    </tag>
    <tag>
      <point x="410" y="365" />
      <point x="410" y="370" />
      <attributes>
        <ROTATION_>0</ROTATION_>
        <PATH_>\Piping\Routing\Process Lines\Primary Piping.sym</PATH_>
        <TAG_>518-BC-4650-1CA1S01-30"-NI</TAG_>
        <ENDFLANGE_>false</ENDFLANGE_>
      </attributes>
    </tag>
    <tag>
      <point x="415" y="315" />
      <point x="415" y="365" />
      <attributes>
        <ROTATION_>0</ROTATION_>
        <PATH_>\Piping\Routing\Process Lines\Primary Piping.sym</PATH_>
        <TAG_>518-BC-4650-1CA1S01-30"-NI</TAG_>
        <ENDFLANGE_>false</ENDFLANGE_>
      </attributes>
    </tag>
    <tag>
      <point x="465" y="700" />
      <point x="465" y="745" />
      <attributes>
        <ROTATION_>0</ROTATION_>
        <PATH_>\Piping\Routing\Process Lines\Primary Piping.sym</PATH_>
        <TAG_>518-BL-4662-1CS1S06-24"-NI</TAG_>
        <ENDFLANGE_>false</ENDFLANGE_>
      </attributes>
    </tag>
    <tag>
      <point x="610" y="315" />
      <point x="610" y="390" />
      <attributes>
        <ROTATION_>0</ROTATION_>
        <PATH_>\Piping\Routing\Process Lines\Primary Piping.sym</PATH_>
        <TAG_>518-BC-4672-1CA1S01-30"-NI</TAG_>
        <ENDFLANGE_>false</ENDFLANGE_>
      </attributes>
    </tag>
    <tag>
      <point x="610" y="700" />
      <point x="610" y="745" />
      <attributes>
        <ROTATION_>0</ROTATION_>
        <PATH_>\Piping\Routing\Process Lines\Primary Piping.sym</PATH_>
        <TAG_>518-BL-4666-1CS1S06-24"-NI</TAG_>
        <ENDFLANGE_>false</ENDFLANGE_>
      </attributes>
    </tag>
    <tag>
      <point x="630" y="120" />
      <point x="630" y="145" />
      <attributes>
        <ROTATION_>0</ROTATION_>
        <PATH_>\Piping\Routing\Process Lines\Primary Piping.sym</PATH_>
        <TAG_>518-BC-4669-1CA1S01-2"-NI</TAG_>
        <ENDFLANGE_>false</ENDFLANGE_>
      </attributes>
    </tag>
    <tag>
      <point x="630" y="505" />
      <point x="630" y="530" />
      <attributes>
        <ROTATION_>0</ROTATION_>
        <PATH_>\Piping\Routing\Process Lines\Primary Piping.sym</PATH_>
        <TAG_>518-DO-4635-1CS1S04-6"-NI</TAG_>
        <ENDFLANGE_>false</ENDFLANGE_>
      </attributes>
    </tag>
    <tag>
      <point x="675" y="110" />
      <point x="675" y="120" />
      <attributes>
        <ROTATION_>0</ROTATION_>
        <PATH_>\Piping\Routing\Process Lines\Primary Piping.sym</PATH_>
        <TAG_>518-DO-4667-1CS1S06-2"-NI</TAG_>
        <ENDFLANGE_>false</ENDFLANGE_>
      </attributes>
    </tag>
    <tag>
      <point x="675" y="495" />
      <point x="675" y="505" />
      <attributes>
        <ROTATION_>0</ROTATION_>
        <PATH_>\Piping\Routing\Process Lines\Primary Piping.sym</PATH_>
        <TAG_>518-DO-4635-1CS1S04-6"-NI</TAG_>
        <ENDFLANGE_>false</ENDFLANGE_>
      </attributes>
    </tag>
  </component>
  <component type="Angle Lines">
    <tag>
      <point x="805" y="390" />
      <point x="805" y="390" />
      <attributes>
        <ROTATION_>0</ROTATION_>
        <PATH_>\Piping\Routing\Process Lines\Primary Piping.sym</PATH_>
        <TAG_ />
        <ENDFLANGE_>false</ENDFLANGE_>
      </attributes>
    </tag>
    <tag>
      <point x="630" y="120" />
      <point x="630" y="120" />
      <attributes>
        <ROTATION_>0</ROTATION_>
        <PATH_>\Piping\Routing\Process Lines\Primary Piping.sym</PATH_>
        <TAG_ />
        <ENDFLANGE_>false</ENDFLANGE_>
      </attributes>
    </tag>
    <tag>
      <point x="120" y="170" />
      <point x="120" y="170" />
      <attributes>
        <ROTATION_>0</ROTATION_>
        <PATH_>\Piping\Routing\Process Lines\Primary Piping.sym</PATH_>
        <TAG_ />
        <ENDFLANGE_>false</ENDFLANGE_>
      </attributes>
    </tag>
    <tag>
      <point x="610" y="745" />
      <point x="610" y="745" />
      <attributes>
        <ROTATION_>0</ROTATION_>
        <PATH_>\Piping\Routing\Process Lines\Primary Piping.sym</PATH_>
        <TAG_ />
        <ENDFLANGE_>false</ENDFLANGE_>
      </attributes>
    </tag>
    <tag>
      <point x="220" y="195" />
      <point x="220" y="195" />
      <attributes>
        <ROTATION_>0</ROTATION_>
        <PATH_>\Piping\Routing\Process Lines\Primary Piping.sym</PATH_>
        <TAG_ />
        <ENDFLANGE_>false</ENDFLANGE_>
      </attributes>
    </tag>
    <tag>
      <point x="245" y="170" />
      <point x="245" y="170" />
      <attributes>
        <ROTATION_>0</ROTATION_>
        <PATH_>\Piping\Routing\Process Lines\Primary Piping.sym</PATH_>
        <TAG_ />
        <ENDFLANGE_>false</ENDFLANGE_>
      </attributes>
    </tag>
    <tag>
      <point x="465" y="745" />
      <point x="465" y="745" />
      <attributes>
        <ROTATION_>0</ROTATION_>
        <PATH_>\Piping\Routing\Process Lines\Primary Piping.sym</PATH_>
        <TAG_ />
        <ENDFLANGE_>false</ENDFLANGE_>
      </attributes>
    </tag>
    <tag>
      <point x="675" y="115" />
      <point x="675" y="115" />
      <attributes>
        <ROTATION_>0</ROTATION_>
        <PATH_>\Piping\Routing\Process Lines\Primary Piping.sym</PATH_>
        <TAG_ />
        <ENDFLANGE_>false</ENDFLANGE_>
      </attributes>
    </tag>
    <tag>
      <point x="835" y="745" />
      <point x="835" y="745" />
      <attributes>
        <ROTATION_>0</ROTATION_>
        <PATH_>\Piping\Routing\Process Lines\Primary Piping.sym</PATH_>
        <TAG_ />
        <ENDFLANGE_>false</ENDFLANGE_>
      </attributes>
    </tag>
    <tag>
      <point x="140" y="195" />
      <point x="140" y="195" />
      <attributes>
        <ROTATION_>0</ROTATION_>
        <PATH_>\Piping\Routing\Process Lines\Primary Piping.sym</PATH_>
        <TAG_ />
        <ENDFLANGE_>false</ENDFLANGE_>
      </attributes>
    </tag>
    <tag>
      <point x="195" y="190" />
      <point x="195" y="190" />
      <attributes>
        <ROTATION_>0</ROTATION_>
        <PATH_>\Piping\Routing\Process Lines\Primary Piping.sym</PATH_>
        <TAG_ />
        <ENDFLANGE_>false</ENDFLANGE_>
      </attributes>
    </tag>
    <tag>
      <point x="980" y="745" />
      <point x="980" y="745" />
      <attributes>
        <ROTATION_>0</ROTATION_>
        <PATH_>\Piping\Routing\Process Lines\Primary Piping.sym</PATH_>
        <TAG_ />
        <ENDFLANGE_>false</ENDFLANGE_>
      </attributes>
    </tag>
    <tag>
      <point x="415" y="365" />
      <point x="415" y="365" />
      <attributes>
        <ROTATION_>0</ROTATION_>
        <PATH_>\Piping\Routing\Process Lines\Primary Piping.sym</PATH_>
        <TAG_ />
        <ENDFLANGE_>false</ENDFLANGE_>
      </attributes>
    </tag>
    <tag>
      <point x="980" y="390" />
      <point x="980" y="390" />
      <attributes>
        <ROTATION_>0</ROTATION_>
        <PATH_>\Piping\Routing\Process Lines\Primary Piping.sym</PATH_>
        <TAG_ />
        <ENDFLANGE_>false</ENDFLANGE_>
      </attributes>
    </tag>
    <tag>
      <point x="30" y="260" />
      <point x="30" y="260" />
      <attributes>
        <ROTATION_>0</ROTATION_>
        <PATH_>\Piping\Routing\Process Lines\Primary Piping.sym</PATH_>
        <TAG_ />
        <ENDFLANGE_>false</ENDFLANGE_>
      </attributes>
    </tag>
    <tag>
      <point x="980" y="120" />
      <point x="980" y="120" />
      <attributes>
        <ROTATION_>0</ROTATION_>
        <PATH_>\Piping\Routing\Process Lines\Primary Piping.sym</PATH_>
        <TAG_ />
        <ENDFLANGE_>false</ENDFLANGE_>
      </attributes>
    </tag>
    <tag>
      <point x="610" y="390" />
      <point x="610" y="390" />
      <attributes>
        <ROTATION_>0</ROTATION_>
        <PATH_>\Piping\Routing\Process Lines\Primary Piping.sym</PATH_>
        <TAG_ />
        <ENDFLANGE_>false</ENDFLANGE_>
      </attributes>
    </tag>
    <tag>
      <point x="215" y="195" />
      <point x="215" y="195" />
      <attributes>
        <ROTATION_>0</ROTATION_>
        <PATH_>\Piping\Routing\Process Lines\Primary Piping.sym</PATH_>
        <TAG_ />
        <ENDFLANGE_>false</ENDFLANGE_>
      </attributes>
    </tag>
    <tag>
      <point x="215" y="195" />
      <point x="215" y="195" />
      <attributes>
        <ROTATION_>0</ROTATION_>
        <PATH_>\Piping\Routing\Process Lines\Primary Piping.sym</PATH_>
        <TAG_ />
        <ENDFLANGE_>false</ENDFLANGE_>
      </attributes>
    </tag>
    <tag>
      <point x="215" y="195" />
      <point x="215" y="195" />
      <attributes>
        <ROTATION_>0</ROTATION_>
        <PATH_>\Piping\Routing\Process Lines\Primary Piping.sym</PATH_>
        <TAG_ />
        <ENDFLANGE_>false</ENDFLANGE_>
      </attributes>
    </tag>
    <tag>
      <point x="35" y="260" />
      <point x="30" y="265" />
      <attributes>
        <ROTATION_>0</ROTATION_>
        <PATH_>\Piping\Routing\Process Lines\Primary Piping.sym</PATH_>
        <TAG_ />
        <ENDFLANGE_>false</ENDFLANGE_>
      </attributes>
    </tag>
    <tag>
      <point x="30" y="265" />
      <point x="30" y="265" />
      <attributes>
        <ROTATION_>0</ROTATION_>
        <PATH_>\Piping\Routing\Process Lines\Primary Piping.sym</PATH_>
        <TAG_ />
        <ENDFLANGE_>false</ENDFLANGE_>
      </attributes>
    </tag>
    <tag>
      <point x="395" y="370" />
      <point x="395" y="370" />
      <attributes>
        <ROTATION_>0</ROTATION_>
        <PATH_>\Piping\Routing\Process Lines\Primary Piping.sym</PATH_>
        <TAG_ />
        <ENDFLANGE_>false</ENDFLANGE_>
      </attributes>
    </tag>
    <tag>
      <point x="395" y="370" />
      <point x="395" y="370" />
      <attributes>
        <ROTATION_>0</ROTATION_>
        <PATH_>\Piping\Routing\Process Lines\Primary Piping.sym</PATH_>
        <TAG_ />
        <ENDFLANGE_>false</ENDFLANGE_>
      </attributes>
    </tag>
    <tag>
      <point x="35" y="195" />
      <point x="35" y="195" />
      <attributes>
        <ROTATION_>0</ROTATION_>
        <PATH_>\Piping\Routing\Process Lines\Primary Piping.sym</PATH_>
        <TAG_ />
        <ENDFLANGE_>false</ENDFLANGE_>
      </attributes>
    </tag>
    <tag>
      <point x="35" y="195" />
      <point x="35" y="195" />
      <attributes>
        <ROTATION_>0</ROTATION_>
        <PATH_>\Piping\Routing\Process Lines\Primary Piping.sym</PATH_>
        <TAG_ />
        <ENDFLANGE_>false</ENDFLANGE_>
      </attributes>
    </tag>
    <tag>
      <point x="415" y="365" />
      <point x="410" y="370" />
      <attributes>
        <ROTATION_>0</ROTATION_>
        <PATH_>\Piping\Routing\Process Lines\Primary Piping.sym</PATH_>
        <TAG_ />
        <ENDFLANGE_>false</ENDFLANGE_>
      </attributes>
    </tag>
    <tag>
      <point x="410" y="370" />
      <point x="410" y="370" />
      <attributes>
        <ROTATION_>0</ROTATION_>
        <PATH_>\Piping\Routing\Process Lines\Primary Piping.sym</PATH_>
        <TAG_ />
        <ENDFLANGE_>false</ENDFLANGE_>
      </attributes>
    </tag>
    <tag>
      <point x="610" y="385" />
      <point x="610" y="385" />
      <attributes>
        <ROTATION_>0</ROTATION_>
        <PATH_>\Piping\Routing\Process Lines\Primary Piping.sym</PATH_>
        <TAG_ />
        <ENDFLANGE_>false</ENDFLANGE_>
      </attributes>
    </tag>
    <tag>
      <point x="610" y="385" />
      <point x="610" y="385" />
      <attributes>
        <ROTATION_>0</ROTATION_>
        <PATH_>\Piping\Routing\Process Lines\Primary Piping.sym</PATH_>
        <TAG_ />
        <ENDFLANGE_>false</ENDFLANGE_>
      </attributes>
    </tag>
    <tag>
      <point x="625" y="150" />
      <point x="625" y="150" />
      <attributes>
        <ROTATION_>0</ROTATION_>
        <PATH_>\Piping\Routing\Process Lines\Primary Piping.sym</PATH_>
        <TAG_ />
        <ENDFLANGE_>false</ENDFLANGE_>
      </attributes>
    </tag>
    <tag>
      <point x="625" y="150" />
      <point x="630" y="145" />
      <attributes>
        <ROTATION_>0</ROTATION_>
        <PATH_>\Piping\Routing\Process Lines\Primary Piping.sym</PATH_>
        <TAG_ />
        <ENDFLANGE_>false</ENDFLANGE_>
      </attributes>
    </tag>
    <tag>
      <point x="630" y="145" />
      <point x="625" y="140" />
      <attributes>
        <ROTATION_>0</ROTATION_>
        <PATH_>\Piping\Routing\Process Lines\Primary Piping.sym</PATH_>
        <TAG_ />
        <ENDFLANGE_>false</ENDFLANGE_>
      </attributes>
    </tag>
    <tag>
      <point x="625" y="140" />
      <point x="625" y="140" />
      <attributes>
        <ROTATION_>0</ROTATION_>
        <PATH_>\Piping\Routing\Process Lines\Primary Piping.sym</PATH_>
        <TAG_ />
        <ENDFLANGE_>false</ENDFLANGE_>
      </attributes>
    </tag>
    <tag>
      <point x="630" y="505" />
      <point x="630" y="505" />
      <attributes>
        <ROTATION_>0</ROTATION_>
        <PATH_>\Piping\Routing\Process Lines\Primary Piping.sym</PATH_>
        <TAG_ />
        <ENDFLANGE_>false</ENDFLANGE_>
      </attributes>
    </tag>
    <tag>
      <point x="120" y="555" />
      <point x="120" y="555" />
      <attributes>
        <ROTATION_>0</ROTATION_>
        <PATH_>\Piping\Routing\Process Lines\Primary Piping.sym</PATH_>
        <TAG_ />
        <ENDFLANGE_>false</ENDFLANGE_>
      </attributes>
    </tag>
    <tag>
      <point x="220" y="580" />
      <point x="220" y="580" />
      <attributes>
        <ROTATION_>0</ROTATION_>
        <PATH_>\Piping\Routing\Process Lines\Primary Piping.sym</PATH_>
        <TAG_ />
        <ENDFLANGE_>false</ENDFLANGE_>
      </attributes>
    </tag>
    <tag>
      <point x="245" y="555" />
      <point x="245" y="555" />
      <attributes>
        <ROTATION_>0</ROTATION_>
        <PATH_>\Piping\Routing\Process Lines\Primary Piping.sym</PATH_>
        <TAG_ />
        <ENDFLANGE_>false</ENDFLANGE_>
      </attributes>
    </tag>
    <tag>
      <point x="675" y="500" />
      <point x="675" y="500" />
      <attributes>
        <ROTATION_>0</ROTATION_>
        <PATH_>\Piping\Routing\Process Lines\Primary Piping.sym</PATH_>
        <TAG_ />
        <ENDFLANGE_>false</ENDFLANGE_>
      </attributes>
    </tag>
    <tag>
      <point x="140" y="580" />
      <point x="140" y="580" />
      <attributes>
        <ROTATION_>0</ROTATION_>
        <PATH_>\Piping\Routing\Process Lines\Primary Piping.sym</PATH_>
        <TAG_ />
        <ENDFLANGE_>false</ENDFLANGE_>
      </attributes>
    </tag>
    <tag>
      <point x="195" y="575" />
      <point x="195" y="575" />
      <attributes>
        <ROTATION_>0</ROTATION_>
        <PATH_>\Piping\Routing\Process Lines\Primary Piping.sym</PATH_>
        <TAG_ />
        <ENDFLANGE_>false</ENDFLANGE_>
      </attributes>
    </tag>
    <tag>
      <point x="980" y="505" />
      <point x="980" y="505" />
      <attributes>
        <ROTATION_>0</ROTATION_>
        <PATH_>\Piping\Routing\Process Lines\Primary Piping.sym</PATH_>
        <TAG_ />
        <ENDFLANGE_>false</ENDFLANGE_>
      </attributes>
    </tag>
    <tag>
      <point x="180" y="645" />
      <point x="180" y="645" />
      <attributes>
        <ROTATION_>0</ROTATION_>
        <PATH_>\Piping\Routing\Process Lines\Primary Piping.sym</PATH_>
        <TAG_ />
        <ENDFLANGE_>false</ENDFLANGE_>
      </attributes>
    </tag>
    <tag>
      <point x="205" y="580" />
      <point x="205" y="580" />
      <attributes>
        <ROTATION_>0</ROTATION_>
        <PATH_>\Piping\Routing\Process Lines\Primary Piping.sym</PATH_>
        <TAG_ />
        <ENDFLANGE_>false</ENDFLANGE_>
      </attributes>
    </tag>
    <tag>
      <point x="205" y="580" />
      <point x="205" y="580" />
      <attributes>
        <ROTATION_>0</ROTATION_>
        <PATH_>\Piping\Routing\Process Lines\Primary Piping.sym</PATH_>
        <TAG_ />
        <ENDFLANGE_>false</ENDFLANGE_>
      </attributes>
    </tag>
    <tag>
      <point x="30" y="645" />
      <point x="30" y="645" />
      <attributes>
        <ROTATION_>0</ROTATION_>
        <PATH_>\Piping\Routing\Process Lines\Primary Piping.sym</PATH_>
        <TAG_ />
        <ENDFLANGE_>false</ENDFLANGE_>
      </attributes>
    </tag>
    <tag>
      <point x="30" y="645" />
      <point x="30" y="645" />
      <attributes>
        <ROTATION_>0</ROTATION_>
        <PATH_>\Piping\Routing\Process Lines\Primary Piping.sym</PATH_>
        <TAG_ />
        <ENDFLANGE_>false</ENDFLANGE_>
      </attributes>
    </tag>
    <tag>
      <point x="35" y="580" />
      <point x="35" y="580" />
      <attributes>
        <ROTATION_>0</ROTATION_>
        <PATH_>\Piping\Routing\Process Lines\Primary Piping.sym</PATH_>
        <TAG_ />
        <ENDFLANGE_>false</ENDFLANGE_>
      </attributes>
    </tag>
    <tag>
      <point x="35" y="580" />
      <point x="35" y="580" />
      <attributes>
        <ROTATION_>0</ROTATION_>
        <PATH_>\Piping\Routing\Process Lines\Primary Piping.sym</PATH_>
        <TAG_ />
        <ENDFLANGE_>false</ENDFLANGE_>
      </attributes>
    </tag>
    <tag>
      <point x="220" y="645" />
      <point x="220" y="645" />
      <attributes>
        <ROTATION_>0</ROTATION_>
        <PATH_>\Piping\Routing\Process Lines\Primary Piping.sym</PATH_>
        <TAG_ />
        <ENDFLANGE_>false</ENDFLANGE_>
      </attributes>
    </tag>
    <tag>
      <point x="220" y="260" />
      <point x="220" y="260" />
      <attributes>
        <ROTATION_>0</ROTATION_>
        <PATH_>\Piping\Routing\Process Lines\Primary Piping.sym</PATH_>
        <TAG_ />
        <ENDFLANGE_>false</ENDFLANGE_>
      </attributes>
    </tag>
    <tag>
      <point x="630" y="140" />
      <point x="625" y="150" />
      <attributes>
        <ROTATION_>0</ROTATION_>
        <PATH_>\Piping\Routing\Process Lines\Primary Piping.sym</PATH_>
        <TAG_ />
        <ENDFLANGE_>false</ENDFLANGE_>
      </attributes>
    </tag>
    <tag>
      <point x="630" y="150" />
      <point x="625" y="140" />
      <attributes>
        <ROTATION_>0</ROTATION_>
        <PATH_>\Piping\Routing\Process Lines\Primary Piping.sym</PATH_>
        <TAG_ />
        <ENDFLANGE_>false</ENDFLANGE_>
      </attributes>
    </tag>
    <tag>
      <point x="805" y="390" />
      <point x="805" y="390" />
      <attributes>
        <ROTATION_>0</ROTATION_>
        <PATH_>\Piping\Routing\Process Lines\Primary Piping.sym</PATH_>
        <TAG_ />
        <ENDFLANGE_>false</ENDFLANGE_>
      </attributes>
    </tag>
    <tag>
      <point x="630" y="120" />
      <point x="630" y="120" />
      <attributes>
        <ROTATION_>0</ROTATION_>
        <PATH_>\Piping\Routing\Process Lines\Primary Piping.sym</PATH_>
        <TAG_ />
        <ENDFLANGE_>false</ENDFLANGE_>
      </attributes>
    </tag>
    <tag>
      <point x="120" y="170" />
      <point x="120" y="170" />
      <attributes>
        <ROTATION_>0</ROTATION_>
        <PATH_>\Piping\Routing\Process Lines\Primary Piping.sym</PATH_>
        <TAG_ />
        <ENDFLANGE_>false</ENDFLANGE_>
      </attributes>
    </tag>
    <tag>
      <point x="610" y="745" />
      <point x="610" y="745" />
      <attributes>
        <ROTATION_>0</ROTATION_>
        <PATH_>\Piping\Routing\Process Lines\Primary Piping.sym</PATH_>
        <TAG_ />
        <ENDFLANGE_>false</ENDFLANGE_>
      </attributes>
    </tag>
    <tag>
      <point x="220" y="195" />
      <point x="220" y="195" />
      <attributes>
        <ROTATION_>0</ROTATION_>
        <PATH_>\Piping\Routing\Process Lines\Primary Piping.sym</PATH_>
        <TAG_ />
        <ENDFLANGE_>false</ENDFLANGE_>
      </attributes>
    </tag>
    <tag>
      <point x="245" y="170" />
      <point x="245" y="170" />
      <attributes>
        <ROTATION_>0</ROTATION_>
        <PATH_>\Piping\Routing\Process Lines\Primary Piping.sym</PATH_>
        <TAG_ />
        <ENDFLANGE_>false</ENDFLANGE_>
      </attributes>
    </tag>
    <tag>
      <point x="465" y="745" />
      <point x="465" y="745" />
      <attributes>
        <ROTATION_>0</ROTATION_>
        <PATH_>\Piping\Routing\Process Lines\Primary Piping.sym</PATH_>
        <TAG_ />
        <ENDFLANGE_>false</ENDFLANGE_>
      </attributes>
    </tag>
    <tag>
      <point x="675" y="115" />
      <point x="675" y="115" />
      <attributes>
        <ROTATION_>0</ROTATION_>
        <PATH_>\Piping\Routing\Process Lines\Primary Piping.sym</PATH_>
        <TAG_ />
        <ENDFLANGE_>false</ENDFLANGE_>
      </attributes>
    </tag>
    <tag>
      <point x="835" y="745" />
      <point x="835" y="745" />
      <attributes>
        <ROTATION_>0</ROTATION_>
        <PATH_>\Piping\Routing\Process Lines\Primary Piping.sym</PATH_>
        <TAG_ />
        <ENDFLANGE_>false</ENDFLANGE_>
      </attributes>
    </tag>
    <tag>
      <point x="140" y="195" />
      <point x="140" y="195" />
      <attributes>
        <ROTATION_>0</ROTATION_>
        <PATH_>\Piping\Routing\Process Lines\Primary Piping.sym</PATH_>
        <TAG_ />
        <ENDFLANGE_>false</ENDFLANGE_>
      </attributes>
    </tag>
    <tag>
      <point x="195" y="190" />
      <point x="195" y="190" />
      <attributes>
        <ROTATION_>0</ROTATION_>
        <PATH_>\Piping\Routing\Process Lines\Primary Piping.sym</PATH_>
        <TAG_ />
        <ENDFLANGE_>false</ENDFLANGE_>
      </attributes>
    </tag>
    <tag>
      <point x="980" y="745" />
      <point x="980" y="745" />
      <attributes>
        <ROTATION_>0</ROTATION_>
        <PATH_>\Piping\Routing\Process Lines\Primary Piping.sym</PATH_>
        <TAG_ />
        <ENDFLANGE_>false</ENDFLANGE_>
      </attributes>
    </tag>
    <tag>
      <point x="415" y="365" />
      <point x="415" y="365" />
      <attributes>
        <ROTATION_>0</ROTATION_>
        <PATH_>\Piping\Routing\Process Lines\Primary Piping.sym</PATH_>
        <TAG_ />
        <ENDFLANGE_>false</ENDFLANGE_>
      </attributes>
    </tag>
    <tag>
      <point x="980" y="390" />
      <point x="980" y="390" />
      <attributes>
        <ROTATION_>0</ROTATION_>
        <PATH_>\Piping\Routing\Process Lines\Primary Piping.sym</PATH_>
        <TAG_ />
        <ENDFLANGE_>false</ENDFLANGE_>
      </attributes>
    </tag>
    <tag>
      <point x="30" y="260" />
      <point x="30" y="260" />
      <attributes>
        <ROTATION_>0</ROTATION_>
        <PATH_>\Piping\Routing\Process Lines\Primary Piping.sym</PATH_>
        <TAG_ />
        <ENDFLANGE_>false</ENDFLANGE_>
      </attributes>
    </tag>
    <tag>
      <point x="980" y="120" />
      <point x="980" y="120" />
      <attributes>
        <ROTATION_>0</ROTATION_>
        <PATH_>\Piping\Routing\Process Lines\Primary Piping.sym</PATH_>
        <TAG_ />
        <ENDFLANGE_>false</ENDFLANGE_>
      </attributes>
    </tag>
    <tag>
      <point x="610" y="390" />
      <point x="610" y="390" />
      <attributes>
        <ROTATION_>0</ROTATION_>
        <PATH_>\Piping\Routing\Process Lines\Primary Piping.sym</PATH_>
        <TAG_ />
        <ENDFLANGE_>false</ENDFLANGE_>
      </attributes>
    </tag>
    <tag>
      <point x="215" y="195" />
      <point x="215" y="195" />
      <attributes>
        <ROTATION_>0</ROTATION_>
        <PATH_>\Piping\Routing\Process Lines\Primary Piping.sym</PATH_>
        <TAG_ />
        <ENDFLANGE_>false</ENDFLANGE_>
      </attributes>
    </tag>
    <tag>
      <point x="215" y="195" />
      <point x="215" y="195" />
      <attributes>
        <ROTATION_>0</ROTATION_>
        <PATH_>\Piping\Routing\Process Lines\Primary Piping.sym</PATH_>
        <TAG_ />
        <ENDFLANGE_>false</ENDFLANGE_>
      </attributes>
    </tag>
    <tag>
      <point x="215" y="195" />
      <point x="215" y="195" />
      <attributes>
        <ROTATION_>0</ROTATION_>
        <PATH_>\Piping\Routing\Process Lines\Primary Piping.sym</PATH_>
        <TAG_ />
        <ENDFLANGE_>false</ENDFLANGE_>
      </attributes>
    </tag>
    <tag>
      <point x="35" y="260" />
      <point x="30" y="265" />
      <attributes>
        <ROTATION_>0</ROTATION_>
        <PATH_>\Piping\Routing\Process Lines\Primary Piping.sym</PATH_>
        <TAG_ />
        <ENDFLANGE_>false</ENDFLANGE_>
      </attributes>
    </tag>
    <tag>
      <point x="30" y="265" />
      <point x="30" y="265" />
      <attributes>
        <ROTATION_>0</ROTATION_>
        <PATH_>\Piping\Routing\Process Lines\Primary Piping.sym</PATH_>
        <TAG_ />
        <ENDFLANGE_>false</ENDFLANGE_>
      </attributes>
    </tag>
    <tag>
      <point x="395" y="370" />
      <point x="395" y="370" />
      <attributes>
        <ROTATION_>0</ROTATION_>
        <PATH_>\Piping\Routing\Process Lines\Primary Piping.sym</PATH_>
        <TAG_ />
        <ENDFLANGE_>false</ENDFLANGE_>
      </attributes>
    </tag>
    <tag>
      <point x="395" y="370" />
      <point x="395" y="370" />
      <attributes>
        <ROTATION_>0</ROTATION_>
        <PATH_>\Piping\Routing\Process Lines\Primary Piping.sym</PATH_>
        <TAG_ />
        <ENDFLANGE_>false</ENDFLANGE_>
      </attributes>
    </tag>
    <tag>
      <point x="35" y="195" />
      <point x="35" y="195" />
      <attributes>
        <ROTATION_>0</ROTATION_>
        <PATH_>\Piping\Routing\Process Lines\Primary Piping.sym</PATH_>
        <TAG_ />
        <ENDFLANGE_>false</ENDFLANGE_>
      </attributes>
    </tag>
    <tag>
      <point x="35" y="195" />
      <point x="35" y="195" />
      <attributes>
        <ROTATION_>0</ROTATION_>
        <PATH_>\Piping\Routing\Process Lines\Primary Piping.sym</PATH_>
        <TAG_ />
        <ENDFLANGE_>false</ENDFLANGE_>
      </attributes>
    </tag>
    <tag>
      <point x="415" y="365" />
      <point x="410" y="370" />
      <attributes>
        <ROTATION_>0</ROTATION_>
        <PATH_>\Piping\Routing\Process Lines\Primary Piping.sym</PATH_>
        <TAG_ />
        <ENDFLANGE_>false</ENDFLANGE_>
      </attributes>
    </tag>
    <tag>
      <point x="410" y="370" />
      <point x="410" y="370" />
      <attributes>
        <ROTATION_>0</ROTATION_>
        <PATH_>\Piping\Routing\Process Lines\Primary Piping.sym</PATH_>
        <TAG_ />
        <ENDFLANGE_>false</ENDFLANGE_>
      </attributes>
    </tag>
    <tag>
      <point x="610" y="385" />
      <point x="610" y="385" />
      <attributes>
        <ROTATION_>0</ROTATION_>
        <PATH_>\Piping\Routing\Process Lines\Primary Piping.sym</PATH_>
        <TAG_ />
        <ENDFLANGE_>false</ENDFLANGE_>
      </attributes>
    </tag>
    <tag>
      <point x="610" y="385" />
      <point x="610" y="385" />
      <attributes>
        <ROTATION_>0</ROTATION_>
        <PATH_>\Piping\Routing\Process Lines\Primary Piping.sym</PATH_>
        <TAG_ />
        <ENDFLANGE_>false</ENDFLANGE_>
      </attributes>
    </tag>
    <tag>
      <point x="625" y="150" />
      <point x="625" y="150" />
      <attributes>
        <ROTATION_>0</ROTATION_>
        <PATH_>\Piping\Routing\Process Lines\Primary Piping.sym</PATH_>
        <TAG_ />
        <ENDFLANGE_>false</ENDFLANGE_>
      </attributes>
    </tag>
    <tag>
      <point x="625" y="150" />
      <point x="630" y="145" />
      <attributes>
        <ROTATION_>0</ROTATION_>
        <PATH_>\Piping\Routing\Process Lines\Primary Piping.sym</PATH_>
        <TAG_ />
        <ENDFLANGE_>false</ENDFLANGE_>
      </attributes>
    </tag>
    <tag>
      <point x="630" y="145" />
      <point x="625" y="140" />
      <attributes>
        <ROTATION_>0</ROTATION_>
        <PATH_>\Piping\Routing\Process Lines\Primary Piping.sym</PATH_>
        <TAG_ />
        <ENDFLANGE_>false</ENDFLANGE_>
      </attributes>
    </tag>
    <tag>
      <point x="625" y="140" />
      <point x="625" y="140" />
      <attributes>
        <ROTATION_>0</ROTATION_>
        <PATH_>\Piping\Routing\Process Lines\Primary Piping.sym</PATH_>
        <TAG_ />
        <ENDFLANGE_>false</ENDFLANGE_>
      </attributes>
    </tag>
    <tag>
      <point x="630" y="505" />
      <point x="630" y="505" />
      <attributes>
        <ROTATION_>0</ROTATION_>
        <PATH_>\Piping\Routing\Process Lines\Primary Piping.sym</PATH_>
        <TAG_ />
        <ENDFLANGE_>false</ENDFLANGE_>
      </attributes>
    </tag>
    <tag>
      <point x="120" y="555" />
      <point x="120" y="555" />
      <attributes>
        <ROTATION_>0</ROTATION_>
        <PATH_>\Piping\Routing\Process Lines\Primary Piping.sym</PATH_>
        <TAG_ />
        <ENDFLANGE_>false</ENDFLANGE_>
      </attributes>
    </tag>
    <tag>
      <point x="220" y="580" />
      <point x="220" y="580" />
      <attributes>
        <ROTATION_>0</ROTATION_>
        <PATH_>\Piping\Routing\Process Lines\Primary Piping.sym</PATH_>
        <TAG_ />
        <ENDFLANGE_>false</ENDFLANGE_>
      </attributes>
    </tag>
    <tag>
      <point x="245" y="555" />
      <point x="245" y="555" />
      <attributes>
        <ROTATION_>0</ROTATION_>
        <PATH_>\Piping\Routing\Process Lines\Primary Piping.sym</PATH_>
        <TAG_ />
        <ENDFLANGE_>false</ENDFLANGE_>
      </attributes>
    </tag>
    <tag>
      <point x="675" y="500" />
      <point x="675" y="500" />
      <attributes>
        <ROTATION_>0</ROTATION_>
        <PATH_>\Piping\Routing\Process Lines\Primary Piping.sym</PATH_>
        <TAG_ />
        <ENDFLANGE_>false</ENDFLANGE_>
      </attributes>
    </tag>
    <tag>
      <point x="140" y="580" />
      <point x="140" y="580" />
      <attributes>
        <ROTATION_>0</ROTATION_>
        <PATH_>\Piping\Routing\Process Lines\Primary Piping.sym</PATH_>
        <TAG_ />
        <ENDFLANGE_>false</ENDFLANGE_>
      </attributes>
    </tag>
    <tag>
      <point x="195" y="575" />
      <point x="195" y="575" />
      <attributes>
        <ROTATION_>0</ROTATION_>
        <PATH_>\Piping\Routing\Process Lines\Primary Piping.sym</PATH_>
        <TAG_ />
        <ENDFLANGE_>false</ENDFLANGE_>
      </attributes>
    </tag>
    <tag>
      <point x="980" y="505" />
      <point x="980" y="505" />
      <attributes>
        <ROTATION_>0</ROTATION_>
        <PATH_>\Piping\Routing\Process Lines\Primary Piping.sym</PATH_>
        <TAG_ />
        <ENDFLANGE_>false</ENDFLANGE_>
      </attributes>
    </tag>
    <tag>
      <point x="180" y="645" />
      <point x="180" y="645" />
      <attributes>
        <ROTATION_>0</ROTATION_>
        <PATH_>\Piping\Routing\Process Lines\Primary Piping.sym</PATH_>
        <TAG_ />
        <ENDFLANGE_>false</ENDFLANGE_>
      </attributes>
    </tag>
    <tag>
      <point x="205" y="580" />
      <point x="205" y="580" />
      <attributes>
        <ROTATION_>0</ROTATION_>
        <PATH_>\Piping\Routing\Process Lines\Primary Piping.sym</PATH_>
        <TAG_ />
        <ENDFLANGE_>false</ENDFLANGE_>
      </attributes>
    </tag>
    <tag>
      <point x="205" y="580" />
      <point x="205" y="580" />
      <attributes>
        <ROTATION_>0</ROTATION_>
        <PATH_>\Piping\Routing\Process Lines\Primary Piping.sym</PATH_>
        <TAG_ />
        <ENDFLANGE_>false</ENDFLANGE_>
      </attributes>
    </tag>
    <tag>
      <point x="30" y="645" />
      <point x="30" y="645" />
      <attributes>
        <ROTATION_>0</ROTATION_>
        <PATH_>\Piping\Routing\Process Lines\Primary Piping.sym</PATH_>
        <TAG_ />
        <ENDFLANGE_>false</ENDFLANGE_>
      </attributes>
    </tag>
    <tag>
      <point x="30" y="645" />
      <point x="30" y="645" />
      <attributes>
        <ROTATION_>0</ROTATION_>
        <PATH_>\Piping\Routing\Process Lines\Primary Piping.sym</PATH_>
        <TAG_ />
        <ENDFLANGE_>false</ENDFLANGE_>
      </attributes>
    </tag>
    <tag>
      <point x="35" y="580" />
      <point x="35" y="580" />
      <attributes>
        <ROTATION_>0</ROTATION_>
        <PATH_>\Piping\Routing\Process Lines\Primary Piping.sym</PATH_>
        <TAG_ />
        <ENDFLANGE_>false</ENDFLANGE_>
      </attributes>
    </tag>
    <tag>
      <point x="35" y="580" />
      <point x="35" y="580" />
      <attributes>
        <ROTATION_>0</ROTATION_>
        <PATH_>\Piping\Routing\Process Lines\Primary Piping.sym</PATH_>
        <TAG_ />
        <ENDFLANGE_>false</ENDFLANGE_>
      </attributes>
    </tag>
    <tag>
      <point x="220" y="645" />
      <point x="220" y="645" />
      <attributes>
        <ROTATION_>0</ROTATION_>
        <PATH_>\Piping\Routing\Process Lines\Primary Piping.sym</PATH_>
        <TAG_ />
        <ENDFLANGE_>false</ENDFLANGE_>
      </attributes>
    </tag>
    <tag>
      <point x="220" y="260" />
      <point x="220" y="260" />
      <attributes>
        <ROTATION_>0</ROTATION_>
        <PATH_>\Piping\Routing\Process Lines\Primary Piping.sym</PATH_>
        <TAG_ />
        <ENDFLANGE_>false</ENDFLANGE_>
      </attributes>
    </tag>
    <tag>
      <point x="630" y="140" />
      <point x="625" y="150" />
      <attributes>
        <ROTATION_>0</ROTATION_>
        <PATH_>\Piping\Routing\Process Lines\Primary Piping.sym</PATH_>
        <TAG_ />
        <ENDFLANGE_>false</ENDFLANGE_>
      </attributes>
    </tag>
    <tag>
      <point x="630" y="150" />
      <point x="625" y="140" />
      <attributes>
        <ROTATION_>0</ROTATION_>
        <PATH_>\Piping\Routing\Process Lines\Primary Piping.sym</PATH_>
        <TAG_ />
        <ENDFLANGE_>false</ENDFLANGE_>
      </attributes>
    </tag>
  </component>
  <component type="Lines">
    <tag>
      <point x="690" y="165" />
      <point x="750" y="165" />
      <attributes>
        <ROTATION_>0</ROTATION_>
        <PATH_>\Instrumentation\Signal Line\Connect to Process.sym</PATH_>
        <TAG_>INSTRUMENT LINE PROCESS</TAG_>
        <ENDFLANGE_>false</ENDFLANGE_>
      </attributes>
    </tag>
    <tag>
      <point x="650" y="165" />
      <point x="690" y="165" />
      <attributes>
        <ROTATION_>0</ROTATION_>
        <PATH_>\Instrumentation\Signal Line\Connect to Process.sym</PATH_>
        <TAG_>INSTRUMENT LINE PROCESS</TAG_>
        <ENDFLANGE_>false</ENDFLANGE_>
      </attributes>
    </tag>
    <tag>
      <point x="765" y="425" />
      <point x="795" y="425" />
      <attributes>
        <ROTATION_>0</ROTATION_>
        <PATH_>\Instrumentation\Signal Line\Software Link.sym</PATH_>
        <TAG_>INSTRUMENT LINE PROCESS</TAG_>
        <ENDFLANGE_>false</ENDFLANGE_>
      </attributes>
    </tag>
    <tag>
      <point x="750" y="765" />
      <point x="770" y="765" />
      <attributes>
        <ROTATION_>0</ROTATION_>
        <PATH_>\Instrumentation\Signal Line\Software Link.sym</PATH_>
        <TAG_>INSTRUMENT LINE PROCESS</TAG_>
        <ENDFLANGE_>false</ENDFLANGE_>
      </attributes>
    </tag>
    <tag>
      <point x="675" y="180" />
      <point x="690" y="180" />
      <attributes>
        <ROTATION_>0</ROTATION_>
        <PATH_>\Instrumentation\Signal Line\Electric.sym</PATH_>
        <TAG_>INSTRUMENT LINE PROCESS</TAG_>
        <ENDFLANGE_>false</ENDFLANGE_>
      </attributes>
    </tag>
    <tag>
      <point x="775" y="780" />
      <point x="805" y="780" />
      <attributes>
        <ROTATION_>0</ROTATION_>
        <PATH_>\Instrumentation\Signal Line\Software Link.sym</PATH_>
        <TAG_>INSTRUMENT LINE PROCESS</TAG_>
        <ENDFLANGE_>false</ENDFLANGE_>
      </attributes>
    </tag>
    <tag>
      <point x="730" y="200" />
      <point x="770" y="200" />
      <attributes>
        <ROTATION_>0</ROTATION_>
        <PATH_>\Instrumentation\Signal Line\Connect to Process.sym</PATH_>
        <TAG_>INSTRUMENT LINE PROCESS</TAG_>
        <ENDFLANGE_>false</ENDFLANGE_>
      </attributes>
    </tag>
    <tag>
      <point x="755" y="175" />
      <point x="770" y="175" />
      <attributes>
        <ROTATION_>0</ROTATION_>
        <PATH_>\Instrumentation\Signal Line\Electric.sym</PATH_>
        <TAG_>INSTRUMENT LINE PROCESS</TAG_>
        <ENDFLANGE_>false</ENDFLANGE_>
      </attributes>
    </tag>
    <tag>
      <point x="650" y="190" />
      <point x="750" y="190" />
      <attributes>
        <ROTATION_>0</ROTATION_>
        <PATH_>\Instrumentation\Signal Line\Connect to Process.sym</PATH_>
        <TAG_>INSTRUMENT LINE PROCESS</TAG_>
        <ENDFLANGE_>false</ENDFLANGE_>
      </attributes>
    </tag>
    <tag>
      <point x="740" y="285" />
      <point x="770" y="285" />
      <attributes>
        <ROTATION_>0</ROTATION_>
        <PATH_>\Instrumentation\Signal Line\Connect to Process.sym</PATH_>
        <TAG_>INSTRUMENT LINE PROCESS</TAG_>
        <ENDFLANGE_>false</ENDFLANGE_>
      </attributes>
    </tag>
    <tag>
      <point x="645" y="180" />
      <point x="660" y="180" />
      <attributes>
        <ROTATION_>0</ROTATION_>
        <PATH_>\Instrumentation\Signal Line\Connect to Process.sym</PATH_>
        <TAG_>INSTRUMENT LINE PROCESS</TAG_>
        <ENDFLANGE_>false</ENDFLANGE_>
      </attributes>
    </tag>
    <tag>
      <point x="505" y="335" />
      <point x="520" y="335" />
      <attributes>
        <ROTATION_>0</ROTATION_>
        <PATH_>\Instrumentation\Signal Line\Electric.sym</PATH_>
        <TAG_>INSTRUMENT LINE PROCESS</TAG_>
        <ENDFLANGE_>false</ENDFLANGE_>
      </attributes>
    </tag>
    <tag>
      <point x="505" y="720" />
      <point x="520" y="720" />
      <attributes>
        <ROTATION_>0</ROTATION_>
        <PATH_>\Instrumentation\Signal Line\Electric.sym</PATH_>
        <TAG_>INSTRUMENT LINE PROCESS</TAG_>
        <ENDFLANGE_>false</ENDFLANGE_>
      </attributes>
    </tag>
    <tag>
      <point x="775" y="240" />
      <point x="790" y="240" />
      <attributes>
        <ROTATION_>0</ROTATION_>
        <PATH_>\Instrumentation\Signal Line\Electric.sym</PATH_>
        <TAG_>INSTRUMENT LINE PROCESS</TAG_>
        <ENDFLANGE_>false</ENDFLANGE_>
      </attributes>
    </tag>
    <tag>
      <point x="720" y="150" />
      <point x="735" y="150" />
      <attributes>
        <ROTATION_>0</ROTATION_>
        <PATH_>\Instrumentation\Signal Line\Electric.sym</PATH_>
        <TAG_>INSTRUMENT LINE PROCESS</TAG_>
        <ENDFLANGE_>false</ENDFLANGE_>
      </attributes>
    </tag>
    <tag>
      <point x="715" y="405" />
      <point x="760" y="405" />
      <attributes>
        <ROTATION_>0</ROTATION_>
        <PATH_>\Instrumentation\Signal Line\Software Link.sym</PATH_>
        <TAG_>INSTRUMENT LINE PROCESS</TAG_>
        <ENDFLANGE_>false</ENDFLANGE_>
      </attributes>
    </tag>
    <tag>
      <point x="695" y="545" />
      <point x="750" y="545" />
      <attributes>
        <ROTATION_>0</ROTATION_>
        <PATH_>\Instrumentation\Signal Line\Connect to Process.sym</PATH_>
        <TAG_>INSTRUMENT LINE PROCESS</TAG_>
        <ENDFLANGE_>false</ENDFLANGE_>
      </attributes>
    </tag>
    <tag>
      <point x="650" y="545" />
      <point x="695" y="545" />
      <attributes>
        <ROTATION_>0</ROTATION_>
        <PATH_>\Instrumentation\Signal Line\Connect to Process.sym</PATH_>
        <TAG_>INSTRUMENT LINE PROCESS</TAG_>
        <ENDFLANGE_>false</ENDFLANGE_>
      </attributes>
    </tag>
    <tag>
      <point x="675" y="560" />
      <point x="690" y="560" />
      <attributes>
        <ROTATION_>0</ROTATION_>
        <PATH_>\Instrumentation\Signal Line\Electric.sym</PATH_>
        <TAG_>INSTRUMENT LINE PROCESS</TAG_>
        <ENDFLANGE_>false</ENDFLANGE_>
      </attributes>
    </tag>
    <tag>
      <point x="730" y="585" />
      <point x="770" y="585" />
      <attributes>
        <ROTATION_>0</ROTATION_>
        <PATH_>\Instrumentation\Signal Line\Connect to Process.sym</PATH_>
        <TAG_>INSTRUMENT LINE PROCESS</TAG_>
        <ENDFLANGE_>false</ENDFLANGE_>
      </attributes>
    </tag>
    <tag>
      <point x="755" y="560" />
      <point x="770" y="560" />
      <attributes>
        <ROTATION_>0</ROTATION_>
        <PATH_>\Instrumentation\Signal Line\Electric.sym</PATH_>
        <TAG_>INSTRUMENT LINE PROCESS</TAG_>
        <ENDFLANGE_>false</ENDFLANGE_>
      </attributes>
    </tag>
    <tag>
      <point x="650" y="570" />
      <point x="750" y="570" />
      <attributes>
        <ROTATION_>0</ROTATION_>
        <PATH_>\Instrumentation\Signal Line\Connect to Process.sym</PATH_>
        <TAG_>INSTRUMENT LINE PROCESS</TAG_>
        <ENDFLANGE_>false</ENDFLANGE_>
      </attributes>
    </tag>
    <tag>
      <point x="740" y="665" />
      <point x="770" y="665" />
      <attributes>
        <ROTATION_>0</ROTATION_>
        <PATH_>\Instrumentation\Signal Line\Connect to Process.sym</PATH_>
        <TAG_>INSTRUMENT LINE PROCESS</TAG_>
        <ENDFLANGE_>false</ENDFLANGE_>
      </attributes>
    </tag>
    <tag>
      <point x="645" y="560" />
      <point x="660" y="560" />
      <attributes>
        <ROTATION_>0</ROTATION_>
        <PATH_>\Instrumentation\Signal Line\Connect to Process.sym</PATH_>
        <TAG_>INSTRUMENT LINE PROCESS</TAG_>
        <ENDFLANGE_>false</ENDFLANGE_>
      </attributes>
    </tag>
    <tag>
      <point x="775" y="625" />
      <point x="790" y="625" />
      <attributes>
        <ROTATION_>0</ROTATION_>
        <PATH_>\Instrumentation\Signal Line\Electric.sym</PATH_>
        <TAG_>INSTRUMENT LINE PROCESS</TAG_>
        <ENDFLANGE_>false</ENDFLANGE_>
      </attributes>
    </tag>
    <tag>
      <point x="720" y="535" />
      <point x="735" y="535" />
      <attributes>
        <ROTATION_>0</ROTATION_>
        <PATH_>\Instrumentation\Signal Line\Electric.sym</PATH_>
        <TAG_>INSTRUMENT LINE PROCESS</TAG_>
        <ENDFLANGE_>false</ENDFLANGE_>
      </attributes>
    </tag>
    <tag>
      <point x="710" y="505" />
      <point x="715" y="505" />
      <attributes>
        <ROTATION_>0</ROTATION_>
        <PATH_>\Instrumentation\Signal Line\Connect to Process.sym</PATH_>
        <TAG_>INSTRUMENT LINE PROCESS</TAG_>
        <ENDFLANGE_>false</ENDFLANGE_>
      </attributes>
    </tag>
    <tag>
      <point x="750" y="165" />
      <point x="750" y="170" />
      <attributes>
        <ROTATION_>0</ROTATION_>
        <PATH_>\Instrumentation\Signal Line\Connect to Process.sym</PATH_>
        <TAG_>INSTRUMENT LINE PROCESS</TAG_>
        <ENDFLANGE_>false</ENDFLANGE_>
      </attributes>
    </tag>
    <tag>
      <point x="765" y="415" />
      <point x="765" y="425" />
      <attributes>
        <ROTATION_>0</ROTATION_>
        <PATH_>\Instrumentation\Signal Line\Software Link.sym</PATH_>
        <TAG_>INSTRUMENT LINE PROCESS</TAG_>
        <ENDFLANGE_>false</ENDFLANGE_>
      </attributes>
    </tag>
    <tag>
      <point x="795" y="415" />
      <point x="795" y="425" />
      <attributes>
        <ROTATION_>0</ROTATION_>
        <PATH_>\Instrumentation\Signal Line\Software Link.sym</PATH_>
        <TAG_>INSTRUMENT LINE PROCESS</TAG_>
        <ENDFLANGE_>false</ENDFLANGE_>
      </attributes>
    </tag>
    <tag>
      <point x="745" y="745" />
      <point x="745" y="760" />
      <attributes>
        <ROTATION_>0</ROTATION_>
        <PATH_>\Instrumentation\Signal Line\Connect to Process.sym</PATH_>
        <TAG_>INSTRUMENT LINE PROCESS</TAG_>
        <ENDFLANGE_>false</ENDFLANGE_>
      </attributes>
    </tag>
    <tag>
      <point x="775" y="770" />
      <point x="775" y="780" />
      <attributes>
        <ROTATION_>0</ROTATION_>
        <PATH_>\Instrumentation\Signal Line\Software Link.sym</PATH_>
        <TAG_>INSTRUMENT LINE PROCESS</TAG_>
        <ENDFLANGE_>false</ENDFLANGE_>
      </attributes>
    </tag>
    <tag>
      <point x="805" y="770" />
      <point x="805" y="780" />
      <attributes>
        <ROTATION_>0</ROTATION_>
        <PATH_>\Instrumentation\Signal Line\Software Link.sym</PATH_>
        <TAG_>INSTRUMENT LINE PROCESS</TAG_>
        <ENDFLANGE_>false</ENDFLANGE_>
      </attributes>
    </tag>
    <tag>
      <point x="770" y="200" />
      <point x="770" y="235" />
      <attributes>
        <ROTATION_>0</ROTATION_>
        <PATH_>\Instrumentation\Signal Line\Connect to Process.sym</PATH_>
        <TAG_>INSTRUMENT LINE PROCESS</TAG_>
        <ENDFLANGE_>false</ENDFLANGE_>
      </attributes>
    </tag>
    <tag>
      <point x="805" y="745" />
      <point x="805" y="760" />
      <attributes>
        <ROTATION_>0</ROTATION_>
        <PATH_>\Instrumentation\Signal Line\Connect to Process.sym</PATH_>
        <TAG_>INSTRUMENT LINE PROCESS</TAG_>
        <ENDFLANGE_>false</ENDFLANGE_>
      </attributes>
    </tag>
    <tag>
      <point x="750" y="180" />
      <point x="750" y="190" />
      <attributes>
        <ROTATION_>0</ROTATION_>
        <PATH_>\Instrumentation\Signal Line\Connect to Process.sym</PATH_>
        <TAG_>INSTRUMENT LINE PROCESS</TAG_>
        <ENDFLANGE_>false</ENDFLANGE_>
      </attributes>
    </tag>
    <tag>
      <point x="525" y="700" />
      <point x="525" y="710" />
      <attributes>
        <ROTATION_>0</ROTATION_>
        <PATH_>\Instrumentation\Signal Line\Connect to Process.sym</PATH_>
        <TAG_>INSTRUMENT LINE PROCESS</TAG_>
        <ENDFLANGE_>false</ENDFLANGE_>
      </attributes>
    </tag>
    <tag>
      <point x="795" y="390" />
      <point x="795" y="400" />
      <attributes>
        <ROTATION_>0</ROTATION_>
        <PATH_>\Instrumentation\Signal Line\Connect to Process.sym</PATH_>
        <TAG_>INSTRUMENT LINE PROCESS</TAG_>
        <ENDFLANGE_>false</ENDFLANGE_>
      </attributes>
    </tag>
    <tag>
      <point x="770" y="245" />
      <point x="770" y="285" />
      <attributes>
        <ROTATION_>0</ROTATION_>
        <PATH_>\Instrumentation\Signal Line\Connect to Process.sym</PATH_>
        <TAG_>INSTRUMENT LINE PROCESS</TAG_>
        <ENDFLANGE_>false</ENDFLANGE_>
      </attributes>
    </tag>
    <tag>
      <point x="765" y="395" />
      <point x="765" y="400" />
      <attributes>
        <ROTATION_>0</ROTATION_>
        <PATH_>\Instrumentation\Signal Line\Connect to Process.sym</PATH_>
        <TAG_>INSTRUMENT LINE PROCESS</TAG_>
        <ENDFLANGE_>false</ENDFLANGE_>
      </attributes>
    </tag>
    <tag>
      <point x="710" y="135" />
      <point x="710" y="145" />
      <attributes>
        <ROTATION_>0</ROTATION_>
        <PATH_>\Instrumentation\Signal Line\Electric.sym</PATH_>
        <TAG_>INSTRUMENT LINE PROCESS</TAG_>
        <ENDFLANGE_>false</ENDFLANGE_>
      </attributes>
    </tag>
    <tag>
      <point x="705" y="390" />
      <point x="705" y="400" />
      <attributes>
        <ROTATION_>0</ROTATION_>
        <PATH_>\Instrumentation\Signal Line\Connect to Process.sym</PATH_>
        <TAG_>INSTRUMENT LINE PROCESS</TAG_>
        <ENDFLANGE_>false</ENDFLANGE_>
      </attributes>
    </tag>
    <tag>
      <point x="525" y="315" />
      <point x="525" y="325" />
      <attributes>
        <ROTATION_>0</ROTATION_>
        <PATH_>\Instrumentation\Signal Line\Connect to Process.sym</PATH_>
        <TAG_>INSTRUMENT LINE PROCESS</TAG_>
        <ENDFLANGE_>false</ENDFLANGE_>
      </attributes>
    </tag>
    <tag>
      <point x="100" y="260" />
      <point x="100" y="270" />
      <attributes>
        <ROTATION_>0</ROTATION_>
        <PATH_>\Instrumentation\Signal Line\Connect to Process.sym</PATH_>
        <TAG_>INSTRUMENT LINE PROCESS</TAG_>
        <ENDFLANGE_>false</ENDFLANGE_>
      </attributes>
    </tag>
    <tag>
      <point x="775" y="750" />
      <point x="775" y="760" />
      <attributes>
        <ROTATION_>0</ROTATION_>
        <PATH_>\Instrumentation\Signal Line\Connect to Process.sym</PATH_>
        <TAG_>INSTRUMENT LINE PROCESS</TAG_>
        <ENDFLANGE_>false</ENDFLANGE_>
      </attributes>
    </tag>
    <tag>
      <point x="775" y="730" />
      <point x="775" y="745" />
      <attributes>
        <ROTATION_>0</ROTATION_>
        <PATH_>\Instrumentation\Signal Line\Connect to Process.sym</PATH_>
        <TAG_>INSTRUMENT LINE PROCESS</TAG_>
        <ENDFLANGE_>false</ENDFLANGE_>
      </attributes>
    </tag>
    <tag>
      <point x="765" y="375" />
      <point x="765" y="385" />
      <attributes>
        <ROTATION_>0</ROTATION_>
        <PATH_>\Instrumentation\Signal Line\Connect to Process.sym</PATH_>
        <TAG_>INSTRUMENT LINE PROCESS</TAG_>
        <ENDFLANGE_>false</ENDFLANGE_>
      </attributes>
    </tag>
    <tag>
      <point x="750" y="545" />
      <point x="750" y="550" />
      <attributes>
        <ROTATION_>0</ROTATION_>
        <PATH_>\Instrumentation\Signal Line\Connect to Process.sym</PATH_>
        <TAG_>INSTRUMENT LINE PROCESS</TAG_>
        <ENDFLANGE_>false</ENDFLANGE_>
      </attributes>
    </tag>
    <tag>
      <point x="770" y="585" />
      <point x="770" y="620" />
      <attributes>
        <ROTATION_>0</ROTATION_>
        <PATH_>\Instrumentation\Signal Line\Connect to Process.sym</PATH_>
        <TAG_>INSTRUMENT LINE PROCESS</TAG_>
        <ENDFLANGE_>false</ENDFLANGE_>
      </attributes>
    </tag>
    <tag>
      <point x="750" y="565" />
      <point x="750" y="570" />
      <attributes>
        <ROTATION_>0</ROTATION_>
        <PATH_>\Instrumentation\Signal Line\Connect to Process.sym</PATH_>
        <TAG_>INSTRUMENT LINE PROCESS</TAG_>
        <ENDFLANGE_>false</ENDFLANGE_>
      </attributes>
    </tag>
    <tag>
      <point x="770" y="630" />
      <point x="770" y="665" />
      <attributes>
        <ROTATION_>0</ROTATION_>
        <PATH_>\Instrumentation\Signal Line\Connect to Process.sym</PATH_>
        <TAG_>INSTRUMENT LINE PROCESS</TAG_>
        <ENDFLANGE_>false</ENDFLANGE_>
      </attributes>
    </tag>
    <tag>
      <point x="710" y="520" />
      <point x="710" y="530" />
      <attributes>
        <ROTATION_>0</ROTATION_>
        <PATH_>\Instrumentation\Signal Line\Electric.sym</PATH_>
        <TAG_>INSTRUMENT LINE PROCESS</TAG_>
        <ENDFLANGE_>false</ENDFLANGE_>
      </attributes>
    </tag>
    <tag>
      <point x="100" y="645" />
      <point x="100" y="655" />
      <attributes>
        <ROTATION_>0</ROTATION_>
        <PATH_>\Instrumentation\Signal Line\Connect to Process.sym</PATH_>
        <TAG_>INSTRUMENT LINE PROCESS</TAG_>
        <ENDFLANGE_>false</ENDFLANGE_>
      </attributes>
    </tag>
    <tag>
      <point x="715" y="500" />
      <point x="715" y="505" />
      <attributes>
        <ROTATION_>0</ROTATION_>
        <PATH_>\Instrumentation\Signal Line\Connect to Process.sym</PATH_>
        <TAG_>INSTRUMENT LINE PROCESS</TAG_>
        <ENDFLANGE_>false</ENDFLANGE_>
      </attributes>
    </tag>
    <tag>
      <point x="710" y="500" />
      <point x="710" y="505" />
      <attributes>
        <ROTATION_>0</ROTATION_>
        <PATH_>\Instrumentation\Signal Line\Connect to Process.sym</PATH_>
        <TAG_>INSTRUMENT LINE PROCESS</TAG_>
        <ENDFLANGE_>false</ENDFLANGE_>
      </attributes>
    </tag>
    <tag>
      <point x="715" y="500" />
      <point x="715" y="505" />
      <attributes>
        <ROTATION_>0</ROTATION_>
        <PATH_>\Instrumentation\Signal Line\Connect to Process.sym</PATH_>
        <TAG_>INSTRUMENT LINE PROCESS</TAG_>
        <ENDFLANGE_>false</ENDFLANGE_>
      </attributes>
    </tag>
    <tag>
      <point x="710" y="500" />
      <point x="710" y="505" />
      <attributes>
        <ROTATION_>0</ROTATION_>
        <PATH_>\Instrumentation\Signal Line\Connect to Process.sym</PATH_>
        <TAG_>INSTRUMENT LINE PROCESS</TAG_>
        <ENDFLANGE_>false</ENDFLANGE_>
      </attributes>
    </tag>
  </component>
  <component type="Valves">
    <tag>
      <point x="675" y="110" />
      <point x="0" y="0" />
      <attributes>
        <ROTATION_>4.71238898038459</ROTATION_>
        <PATH_>\Piping\Valves\2 Way Common\Gate Valve.sym</PATH_>
        <TAG_>Valves</TAG_>
        <SIZE_>100</SIZE_>
        <ENDFLANGE_>false</ENDFLANGE_>
      </attributes>
    </tag>
    <tag>
      <point x="630" y="145" />
      <point x="0" y="0" />
      <attributes>
        <ROTATION_>1.570796326795</ROTATION_>
        <PATH_>\Piping\Valves\2 Way Common\Gate Valve.sym</PATH_>
        <TAG_>Valves</TAG_>
        <SIZE_>100</SIZE_>
        <ENDFLANGE_>false</ENDFLANGE_>
      </attributes>
    </tag>
    <tag>
      <point x="645" y="165" />
      <point x="0" y="0" />
      <attributes>
        <ROTATION_>0</ROTATION_>
        <PATH_>\Piping\Valves\2 Way Common\Gate Valve.sym</PATH_>
        <TAG_>Valves</TAG_>
        <SIZE_>100</SIZE_>
        <ENDFLANGE_>false</ENDFLANGE_>
      </attributes>
    </tag>
    <tag>
      <point x="645" y="180" />
      <point x="0" y="0" />
      <attributes>
        <ROTATION_>-3.14159</ROTATION_>
        <PATH_>\Piping\Fittings\Flanges and Unions\Flange.sym</PATH_>
        <TAG_>Valves</TAG_>
        <SIZE_>100</SIZE_>
        <ENDFLANGE_>true</ENDFLANGE_>
      </attributes>
    </tag>
    <tag>
      <point x="195" y="185" />
      <point x="0" y="0" />
      <attributes>
        <ROTATION_>4.71238898038459</ROTATION_>
        <PATH_>\Piping\Valves\2 Way Common\Gate Valve.sym</PATH_>
        <TAG_>Valves</TAG_>
        <SIZE_>100</SIZE_>
        <ENDFLANGE_>false</ENDFLANGE_>
      </attributes>
    </tag>
    <tag>
      <point x="645" y="190" />
      <point x="0" y="0" />
      <attributes>
        <ROTATION_>0</ROTATION_>
        <PATH_>\Piping\Valves\2 Way Common\Gate Valve.sym</PATH_>
        <TAG_>Valves</TAG_>
        <SIZE_>100</SIZE_>
        <ENDFLANGE_>false</ENDFLANGE_>
      </attributes>
    </tag>
    <tag>
      <point x="135" y="195" />
      <point x="0" y="0" />
      <attributes>
        <ROTATION_>0</ROTATION_>
        <PATH_>\Piping\Valves\2 Way Common\Gate Valve.sym</PATH_>
        <TAG_>Valves</TAG_>
        <SIZE_>100</SIZE_>
        <ENDFLANGE_>false</ENDFLANGE_>
      </attributes>
    </tag>
    <tag>
      <point x="215" y="195" />
      <point x="0" y="0" />
      <attributes>
        <ROTATION_>0</ROTATION_>
        <PATH_>\Piping\Specialty Components\Strainers\Y Strainer.sym</PATH_>
        <TAG_>Valves</TAG_>
        <SIZE_>100</SIZE_>
        <ENDFLANGE_>false</ENDFLANGE_>
      </attributes>
    </tag>
    <tag>
      <point x="235" y="195" />
      <point x="0" y="0" />
      <attributes>
        <ROTATION_>0</ROTATION_>
        <PATH_>\Piping\Valves\2 Way Common\Gate Valve.sym</PATH_>
        <TAG_>Valves</TAG_>
        <SIZE_>100</SIZE_>
        <ENDFLANGE_>false</ENDFLANGE_>
      </attributes>
    </tag>
    <tag>
      <point x="725" y="200" />
      <point x="0" y="0" />
      <attributes>
        <ROTATION_>0</ROTATION_>
        <PATH_>\Piping\Valves\2 Way Common\Gate Valve.sym</PATH_>
        <TAG_>Valves</TAG_>
        <SIZE_>100</SIZE_>
        <ENDFLANGE_>false</ENDFLANGE_>
      </attributes>
    </tag>
    <tag>
      <point x="730" y="200" />
      <point x="0" y="0" />
      <attributes>
        <ROTATION_>-3.14159</ROTATION_>
        <PATH_>\Piping\Fittings\Flanges and Unions\Flange.sym</PATH_>
        <TAG_>Valves</TAG_>
        <SIZE_>100</SIZE_>
        <ENDFLANGE_>true</ENDFLANGE_>
      </attributes>
    </tag>
    <tag>
      <point x="215" y="260" />
      <point x="0" y="0" />
      <attributes>
        <ROTATION_>0</ROTATION_>
        <PATH_>\Piping\Specialty Components\Strainers\Y Strainer.sym</PATH_>
        <TAG_>Valves</TAG_>
        <SIZE_>100</SIZE_>
        <ENDFLANGE_>false</ENDFLANGE_>
      </attributes>
    </tag>
    <tag>
      <point x="730" y="285" />
      <point x="0" y="0" />
      <attributes>
        <ROTATION_>0</ROTATION_>
        <PATH_>\Piping\Valves\2 Way Common\Gate Valve.sym</PATH_>
        <TAG_>Valves</TAG_>
        <SIZE_>100</SIZE_>
        <ENDFLANGE_>false</ENDFLANGE_>
      </attributes>
    </tag>
    <tag>
      <point x="735" y="285" />
      <point x="0" y="0" />
      <attributes>
        <ROTATION_>-3.14159</ROTATION_>
        <PATH_>\Piping\Fittings\Flanges and Unions\Flange.sym</PATH_>
        <TAG_>Valves</TAG_>
        <SIZE_>100</SIZE_>
        <ENDFLANGE_>true</ENDFLANGE_>
      </attributes>
    </tag>
    <tag>
      <point x="415" y="315" />
      <point x="0" y="0" />
      <attributes>
        <ROTATION_>-1.5708</ROTATION_>
        <PATH_>\Piping\Fittings\Flanges and Unions\Flange.sym</PATH_>
        <TAG_>Valves</TAG_>
        <SIZE_>100</SIZE_>
        <ENDFLANGE_>true</ENDFLANGE_>
      </attributes>
    </tag>
    <tag>
      <point x="610" y="315" />
      <point x="0" y="0" />
      <attributes>
        <ROTATION_>-1.5708</ROTATION_>
        <PATH_>\Piping\Fittings\Flanges and Unions\Flange.sym</PATH_>
        <TAG_>Valves</TAG_>
        <SIZE_>100</SIZE_>
        <ENDFLANGE_>true</ENDFLANGE_>
      </attributes>
    </tag>
    <tag>
      <point x="395" y="385" />
      <point x="0" y="0" />
      <attributes>
        <ROTATION_>1.5708</ROTATION_>
        <PATH_>\Piping\Fittings\Flanges and Unions\Flange.sym</PATH_>
        <TAG_>Valves</TAG_>
        <SIZE_>100</SIZE_>
        <ENDFLANGE_>false</ENDFLANGE_>
      </attributes>
    </tag>
    <tag>
      <point x="805" y="390" />
      <point x="0" y="0" />
      <attributes>
        <ROTATION_>0</ROTATION_>
        <PATH_>\Piping\Fittings\Flanges and Unions\Flange.sym</PATH_>
        <TAG_>Valves</TAG_>
        <SIZE_>100</SIZE_>
        <ENDFLANGE_>true</ENDFLANGE_>
      </attributes>
    </tag>
    <tag>
      <point x="810" y="390" />
      <point x="0" y="0" />
      <attributes>
        <ROTATION_>0</ROTATION_>
        <PATH_>\Piping\Valves\2 Way Common\Gate Valve.sym</PATH_>
        <TAG_>Valves</TAG_>
        <SIZE_>100</SIZE_>
        <ENDFLANGE_>false</ENDFLANGE_>
      </attributes>
    </tag>
    <tag>
      <point x="675" y="495" />
      <point x="0" y="0" />
      <attributes>
        <ROTATION_>4.71238898038459</ROTATION_>
        <PATH_>\Piping\Valves\2 Way Common\Gate Valve.sym</PATH_>
        <TAG_>Valves</TAG_>
        <SIZE_>100</SIZE_>
        <ENDFLANGE_>false</ENDFLANGE_>
      </attributes>
    </tag>
    <tag>
      <point x="630" y="530" />
      <point x="0" y="0" />
      <attributes>
        <ROTATION_>1.570796326795</ROTATION_>
        <PATH_>\Piping\Valves\2 Way Common\Gate Valve.sym</PATH_>
        <TAG_>Valves</TAG_>
        <SIZE_>100</SIZE_>
        <ENDFLANGE_>false</ENDFLANGE_>
      </attributes>
    </tag>
    <tag>
      <point x="645" y="545" />
      <point x="0" y="0" />
      <attributes>
        <ROTATION_>0</ROTATION_>
        <PATH_>\Piping\Valves\2 Way Common\Gate Valve.sym</PATH_>
        <TAG_>Valves</TAG_>
        <SIZE_>100</SIZE_>
        <ENDFLANGE_>false</ENDFLANGE_>
      </attributes>
    </tag>
    <tag>
      <point x="645" y="560" />
      <point x="0" y="0" />
      <attributes>
        <ROTATION_>-3.14159</ROTATION_>
        <PATH_>\Piping\Fittings\Flanges and Unions\Flange.sym</PATH_>
        <TAG_>Valves</TAG_>
        <SIZE_>100</SIZE_>
        <ENDFLANGE_>true</ENDFLANGE_>
      </attributes>
    </tag>
    <tag>
      <point x="195" y="570" />
      <point x="0" y="0" />
      <attributes>
        <ROTATION_>4.71238898038459</ROTATION_>
        <PATH_>\Piping\Valves\2 Way Common\Gate Valve.sym</PATH_>
        <TAG_>Valves</TAG_>
        <SIZE_>100</SIZE_>
        <ENDFLANGE_>false</ENDFLANGE_>
      </attributes>
    </tag>
    <tag>
      <point x="645" y="570" />
      <point x="0" y="0" />
      <attributes>
        <ROTATION_>0</ROTATION_>
        <PATH_>\Piping\Valves\2 Way Common\Gate Valve.sym</PATH_>
        <TAG_>Valves</TAG_>
        <SIZE_>100</SIZE_>
        <ENDFLANGE_>false</ENDFLANGE_>
      </attributes>
    </tag>
    <tag>
      <point x="135" y="580" />
      <point x="0" y="0" />
      <attributes>
        <ROTATION_>0</ROTATION_>
        <PATH_>\Piping\Valves\2 Way Common\Gate Valve.sym</PATH_>
        <TAG_>Valves</TAG_>
        <SIZE_>100</SIZE_>
        <ENDFLANGE_>false</ENDFLANGE_>
      </attributes>
    </tag>
    <tag>
      <point x="215" y="580" />
      <point x="0" y="0" />
      <attributes>
        <ROTATION_>0</ROTATION_>
        <PATH_>\Piping\Specialty Components\Strainers\Y Strainer.sym</PATH_>
        <TAG_>Valves</TAG_>
        <SIZE_>100</SIZE_>
        <ENDFLANGE_>false</ENDFLANGE_>
      </attributes>
    </tag>
    <tag>
      <point x="235" y="580" />
      <point x="0" y="0" />
      <attributes>
        <ROTATION_>0</ROTATION_>
        <PATH_>\Piping\Valves\2 Way Common\Gate Valve.sym</PATH_>
        <TAG_>Valves</TAG_>
        <SIZE_>100</SIZE_>
        <ENDFLANGE_>false</ENDFLANGE_>
      </attributes>
    </tag>
    <tag>
      <point x="725" y="585" />
      <point x="0" y="0" />
      <attributes>
        <ROTATION_>0</ROTATION_>
        <PATH_>\Piping\Valves\2 Way Common\Gate Valve.sym</PATH_>
        <TAG_>Valves</TAG_>
        <SIZE_>100</SIZE_>
        <ENDFLANGE_>false</ENDFLANGE_>
      </attributes>
    </tag>
    <tag>
      <point x="730" y="585" />
      <point x="0" y="0" />
      <attributes>
        <ROTATION_>-3.14159</ROTATION_>
        <PATH_>\Piping\Fittings\Flanges and Unions\Flange.sym</PATH_>
        <TAG_>Valves</TAG_>
        <SIZE_>100</SIZE_>
        <ENDFLANGE_>true</ENDFLANGE_>
      </attributes>
    </tag>
    <tag>
      <point x="215" y="645" />
      <point x="0" y="0" />
      <attributes>
        <ROTATION_>0</ROTATION_>
        <PATH_>\Piping\Specialty Components\Strainers\Y Strainer.sym</PATH_>
        <TAG_>Valves</TAG_>
        <SIZE_>100</SIZE_>
        <ENDFLANGE_>false</ENDFLANGE_>
      </attributes>
    </tag>
    <tag>
      <point x="735" y="665" />
      <point x="0" y="0" />
      <attributes>
        <ROTATION_>0</ROTATION_>
        <PATH_>\Piping\Valves\2 Way Common\Gate Valve.sym</PATH_>
        <TAG_>Valves</TAG_>
        <SIZE_>100</SIZE_>
        <ENDFLANGE_>false</ENDFLANGE_>
      </attributes>
    </tag>
    <tag>
      <point x="735" y="665" />
      <point x="0" y="0" />
      <attributes>
        <ROTATION_>-3.14159</ROTATION_>
        <PATH_>\Piping\Fittings\Flanges and Unions\Flange.sym</PATH_>
        <TAG_>Valves</TAG_>
        <SIZE_>100</SIZE_>
        <ENDFLANGE_>true</ENDFLANGE_>
      </attributes>
    </tag>
    <tag>
      <point x="465" y="700" />
      <point x="0" y="0" />
      <attributes>
        <ROTATION_>-1.5708</ROTATION_>
        <PATH_>\Piping\Fittings\Flanges and Unions\Flange.sym</PATH_>
        <TAG_>Valves</TAG_>
        <SIZE_>100</SIZE_>
        <ENDFLANGE_>true</ENDFLANGE_>
      </attributes>
    </tag>
    <tag>
      <point x="610" y="700" />
      <point x="0" y="0" />
      <attributes>
        <ROTATION_>-1.5708</ROTATION_>
        <PATH_>\Piping\Fittings\Flanges and Unions\Flange.sym</PATH_>
        <TAG_>Valves</TAG_>
        <SIZE_>100</SIZE_>
        <ENDFLANGE_>true</ENDFLANGE_>
      </attributes>
    </tag>
    <tag>
      <point x="835" y="745" />
      <point x="0" y="0" />
      <attributes>
        <ROTATION_>0</ROTATION_>
        <PATH_>\Piping\Fittings\Flanges and Unions\Flange.sym</PATH_>
        <TAG_>Valves</TAG_>
        <SIZE_>100</SIZE_>
        <ENDFLANGE_>true</ENDFLANGE_>
      </attributes>
    </tag>
    <tag>
      <point x="840" y="745" />
      <point x="0" y="0" />
      <attributes>
        <ROTATION_>0</ROTATION_>
        <PATH_>\Piping\Valves\2 Way Common\Gate Valve.sym</PATH_>
        <TAG_>Valves</TAG_>
        <SIZE_>100</SIZE_>
        <ENDFLANGE_>false</ENDFLANGE_>
      </attributes>
    </tag>
  </component>
</components>