<?xml version="1.0" encoding="utf-8"?>
<components xmlns:xsd="http://www.w3.org/2001/XMLSchema" xmlns:xsi="http://www.w3.org/2001/XMLSchema-instance">
  <component type="Instrument">
    <tag>
      <point x="110" y="380" />
      <point x="0" y="0" />
      <attributes>
        <ROTATION_>0</ROTATION_>
        <PATH_>\Instrumentation\System Functions\Interlocks\Interlock Function -2.sym</PATH_>
        <HANDLE_>2C2</HANDLE_>
        <TAG_ />
        <FUNCTION_ />
        <LONGDESC_ />
        <LINE_NUM_ />
        <INSULATE_ />
        <ENDFLANGE_>false</ENDFLANGE_>
      </attributes>
    </tag>
    <tag>
      <point x="135" y="380" />
      <point x="0" y="0" />
      <attributes>
        <ROTATION_>0</ROTATION_>
        <PATH_>\Instrumentation\System Functions\D C S\DCS Field Mounted.sym</PATH_>
        <HANDLE_>7FF</HANDLE_>
        <TAG_>794  </TAG_>
        <FUNCTION_>FAL</FUNCTION_>
        <LONGDESC_ />
        <LINE_NUM_ />
        <INSULATE_ />
        <ENDFLANGE_>false</ENDFLANGE_>
      </attributes>
    </tag>
    <tag>
      <point x="155" y="380" />
      <point x="0" y="0" />
      <attributes>
        <ROTATION_>0</ROTATION_>
        <PATH_>\Instrumentation\System Functions\D C S\DCS Field Mounted.sym</PATH_>
        <HANDLE_>85B</HANDLE_>
        <TAG_>794  </TAG_>
        <FUNCTION_>FI</FUNCTION_>
        <LONGDESC_ />
        <LINE_NUM_ />
        <INSULATE_ />
        <ENDFLANGE_>false</ENDFLANGE_>
      </attributes>
    </tag>
    <tag>
      <point x="190" y="380" />
      <point x="0" y="0" />
      <attributes>
        <ROTATION_>1.570796326795</ROTATION_>
        <PATH_>\Piping\Fittings\Flanges and Unions\Orifice Union.sym</PATH_>
        <HANDLE_>2B0</HANDLE_>
        <TAG_ />
        <FUNCTION_ />
        <LONGDESC_ />
        <LINE_NUM_ />
        <INSULATE_ />
        <ENDFLANGE_>false</ENDFLANGE_>
      </attributes>
    </tag>
    <tag>
      <point x="700" y="405" />
      <point x="0" y="0" />
      <attributes>
        <ROTATION_>0</ROTATION_>
        <PATH_>\Instrumentation\System Functions\D C S\DCS Field Mounted.sym</PATH_>
        <HANDLE_>822</HANDLE_>
        <TAG_>162  </TAG_>
        <FUNCTION_>TI</FUNCTION_>
        <LONGDESC_ />
        <LINE_NUM_ />
        <INSULATE_ />
        <ENDFLANGE_>false</ENDFLANGE_>
      </attributes>
    </tag>
    <tag>
      <point x="235" y="410" />
      <point x="0" y="0" />
      <attributes>
        <ROTATION_>0</ROTATION_>
        <PATH_>\Instrumentation\System Functions\Interlocks\Interlock Function -2.sym</PATH_>
        <HANDLE_>2C8</HANDLE_>
        <TAG_ />
        <FUNCTION_ />
        <LONGDESC_ />
        <LINE_NUM_ />
        <INSULATE_ />
        <ENDFLANGE_>false</ENDFLANGE_>
      </attributes>
    </tag>
    <tag>
      <point x="830" y="425" />
      <point x="0" y="0" />
      <attributes>
        <ROTATION_>0</ROTATION_>
        <PATH_>\Instrumentation\System Functions\D C S\DCS Field Mounted.sym</PATH_>
        <HANDLE_>865</HANDLE_>
        <TAG_>906  </TAG_>
        <FUNCTION_>LI</FUNCTION_>
        <LONGDESC_ />
        <LINE_NUM_ />
        <INSULATE_ />
        <ENDFLANGE_>false</ENDFLANGE_>
      </attributes>
    </tag>
    <tag>
      <point x="855" y="425" />
      <point x="0" y="0" />
      <attributes>
        <ROTATION_>0</ROTATION_>
        <PATH_>\Instrumentation\System Functions\D C S\DCS Field Mounted.sym</PATH_>
        <HANDLE_>81D</HANDLE_>
        <TAG_>906  </TAG_>
        <FUNCTION_>LAH</FUNCTION_>
        <LONGDESC_ />
        <LINE_NUM_ />
        <INSULATE_ />
        <ENDFLANGE_>false</ENDFLANGE_>
      </attributes>
    </tag>
    <tag>
      <point x="485" y="450" />
      <point x="0" y="0" />
      <attributes>
        <ROTATION_>0</ROTATION_>
        <PATH_>\Instrumentation\Off-Line\Without Implied Components\Single Function\Disc Single-Func Field Mounted.sym</PATH_>
        <HANDLE_>83B</HANDLE_>
        <TAG_>144  </TAG_>
        <FUNCTION_>XZSO</FUNCTION_>
        <LONGDESC_ />
        <LINE_NUM_ />
        <INSULATE_ />
        <ENDFLANGE_>false</ENDFLANGE_>
      </attributes>
    </tag>
    <tag>
      <point x="500" y="450" />
      <point x="0" y="0" />
      <attributes>
        <ROTATION_>0</ROTATION_>
        <PATH_>\Instrumentation\Off-Line\Without Implied Components\Single Function\Disc Single-Func Field Mounted.sym</PATH_>
        <HANDLE_>84A</HANDLE_>
        <TAG_>144  </TAG_>
        <FUNCTION_>XZSC</FUNCTION_>
        <LONGDESC_ />
        <LINE_NUM_ />
        <INSULATE_ />
        <ENDFLANGE_>false</ENDFLANGE_>
      </attributes>
    </tag>
    <tag>
      <point x="785" y="450" />
      <point x="0" y="0" />
      <attributes>
        <ROTATION_>0</ROTATION_>
        <PATH_>\Instrumentation\Off-Line\Without Implied Components\Single Function\Disc Single-Func Field Mounted.sym</PATH_>
        <HANDLE_>860</HANDLE_>
        <TAG_>848  </TAG_>
        <FUNCTION_>PDI</FUNCTION_>
        <LONGDESC_ />
        <LINE_NUM_ />
        <INSULATE_ />
        <ENDFLANGE_>false</ENDFLANGE_>
      </attributes>
    </tag>
    <tag>
      <point x="170" y="465" />
      <point x="0" y="0" />
      <attributes>
        <ROTATION_>0</ROTATION_>
        <PATH_>\Instrumentation\Off-Line\Without Implied Components\Single Function\Disc Single-Func Field Mounted.sym</PATH_>
        <HANDLE_>82C</HANDLE_>
        <TAG_>795 A</TAG_>
        <FUNCTION_>PI</FUNCTION_>
        <LONGDESC_ />
        <LINE_NUM_ />
        <INSULATE_ />
        <ENDFLANGE_>false</ENDFLANGE_>
      </attributes>
    </tag>
    <tag>
      <point x="485" y="480" />
      <point x="0" y="0" />
      <attributes>
        <ROTATION_>0</ROTATION_>
        <PATH_>\Instrumentation\System Functions\D C S\DCS Field Mounted.sym</PATH_>
        <HANDLE_>809</HANDLE_>
        <TAG_>144  </TAG_>
        <FUNCTION_>XZAO</FUNCTION_>
        <LONGDESC_ />
        <LINE_NUM_ />
        <INSULATE_ />
        <ENDFLANGE_>false</ENDFLANGE_>
      </attributes>
    </tag>
    <tag>
      <point x="520" y="480" />
      <point x="0" y="0" />
      <attributes>
        <ROTATION_>0</ROTATION_>
        <PATH_>\Instrumentation\System Functions\Interlocks\Interlock Function -2.sym</PATH_>
        <HANDLE_>2B8</HANDLE_>
        <TAG_ />
        <FUNCTION_ />
        <LONGDESC_ />
        <LINE_NUM_ />
        <INSULATE_ />
        <ENDFLANGE_>false</ENDFLANGE_>
      </attributes>
    </tag>
    <tag>
      <point x="550" y="480" />
      <point x="0" y="0" />
      <attributes>
        <ROTATION_>0</ROTATION_>
        <PATH_>\Instrumentation\System Functions\D C S\DCS Field Mounted.sym</PATH_>
        <HANDLE_>827</HANDLE_>
        <TAG_>144  </TAG_>
        <FUNCTION_>XZAC</FUNCTION_>
        <LONGDESC_ />
        <LINE_NUM_ />
        <INSULATE_ />
        <ENDFLANGE_>false</ENDFLANGE_>
      </attributes>
    </tag>
    <tag>
      <point x="170" y="485" />
      <point x="0" y="0" />
      <attributes>
        <ROTATION_>0</ROTATION_>
        <PATH_>\Instrumentation\System Functions\D C S\DCS Field Mounted.sym</PATH_>
        <HANDLE_>851</HANDLE_>
        <TAG_>795  </TAG_>
        <FUNCTION_>PI</FUNCTION_>
        <LONGDESC_ />
        <LINE_NUM_ />
        <INSULATE_ />
        <ENDFLANGE_>false</ENDFLANGE_>
      </attributes>
    </tag>
    <tag>
      <point x="195" y="485" />
      <point x="0" y="0" />
      <attributes>
        <ROTATION_>0</ROTATION_>
        <PATH_>\Instrumentation\System Functions\D C S\DCS Field Mounted.sym</PATH_>
        <HANDLE_>831</HANDLE_>
        <TAG_>795  </TAG_>
        <FUNCTION_>PAL</FUNCTION_>
        <LONGDESC_ />
        <LINE_NUM_ />
        <INSULATE_ />
        <ENDFLANGE_>false</ENDFLANGE_>
      </attributes>
    </tag>
    <tag>
      <point x="220" y="485" />
      <point x="0" y="0" />
      <attributes>
        <ROTATION_>0</ROTATION_>
        <PATH_>\Instrumentation\System Functions\Interlocks\Interlock Function -2.sym</PATH_>
        <HANDLE_>2BD</HANDLE_>
        <TAG_ />
        <FUNCTION_ />
        <LONGDESC_ />
        <LINE_NUM_ />
        <INSULATE_ />
        <ENDFLANGE_>false</ENDFLANGE_>
      </attributes>
    </tag>
    <tag>
      <point x="410" y="495" />
      <point x="0" y="0" />
      <attributes>
        <ROTATION_>0</ROTATION_>
        <PATH_>\Instrumentation\Off-Line\Without Implied Components\Single Function\Disc Single-Func Field Mounted.sym</PATH_>
        <HANDLE_>836</HANDLE_>
        <TAG_>140  </TAG_>
        <FUNCTION_>TI</FUNCTION_>
        <LONGDESC_ />
        <LINE_NUM_ />
        <INSULATE_ />
        <ENDFLANGE_>false</ENDFLANGE_>
      </attributes>
    </tag>
    <tag>
      <point x="830" y="505" />
      <point x="0" y="0" />
      <attributes>
        <ROTATION_>0</ROTATION_>
        <PATH_>\Instrumentation\System Functions\D C S\DCS Field Mounted.sym</PATH_>
        <HANDLE_>80E</HANDLE_>
        <TAG_>143  </TAG_>
        <FUNCTION_>TI</FUNCTION_>
        <LONGDESC_ />
        <LINE_NUM_ />
        <INSULATE_ />
        <ENDFLANGE_>false</ENDFLANGE_>
      </attributes>
    </tag>
    <tag>
      <point x="855" y="505" />
      <point x="0" y="0" />
      <attributes>
        <ROTATION_>0</ROTATION_>
        <PATH_>\Instrumentation\Off-Line\Without Implied Components\Single Function\Disc Single-Func Field Mounted.sym</PATH_>
        <HANDLE_>813</HANDLE_>
        <TAG_>165  </TAG_>
        <FUNCTION_>TI</FUNCTION_>
        <LONGDESC_ />
        <LINE_NUM_ />
        <INSULATE_ />
        <ENDFLANGE_>false</ENDFLANGE_>
      </attributes>
    </tag>
    <tag>
      <point x="880" y="505" />
      <point x="0" y="0" />
      <attributes>
        <ROTATION_>0</ROTATION_>
        <PATH_>\Instrumentation\System Functions\D C S\DCS Field Mounted.sym</PATH_>
        <HANDLE_>856</HANDLE_>
        <TAG_>145  </TAG_>
        <FUNCTION_>PI</FUNCTION_>
        <LONGDESC_ />
        <LINE_NUM_ />
        <INSULATE_ />
        <ENDFLANGE_>false</ENDFLANGE_>
      </attributes>
    </tag>
    <tag>
      <point x="300" y="510" />
      <point x="0" y="0" />
      <attributes>
        <ROTATION_>0</ROTATION_>
        <PATH_>\Instrumentation\System Functions\D C S\DCS Field Mounted.sym</PATH_>
        <HANDLE_>840</HANDLE_>
        <TAG_>794  </TAG_>
        <FUNCTION_>TI</FUNCTION_>
        <LONGDESC_ />
        <LINE_NUM_ />
        <INSULATE_ />
        <ENDFLANGE_>false</ENDFLANGE_>
      </attributes>
    </tag>
    <tag>
      <point x="325" y="510" />
      <point x="0" y="0" />
      <attributes>
        <ROTATION_>0</ROTATION_>
        <PATH_>\Instrumentation\System Functions\D C S\DCS Field Mounted.sym</PATH_>
        <HANDLE_>804</HANDLE_>
        <TAG_>794  </TAG_>
        <FUNCTION_>PI</FUNCTION_>
        <LONGDESC_ />
        <LINE_NUM_ />
        <INSULATE_ />
        <ENDFLANGE_>false</ENDFLANGE_>
      </attributes>
    </tag>
    <tag>
      <point x="350" y="510" />
      <point x="0" y="0" />
      <attributes>
        <ROTATION_>0</ROTATION_>
        <PATH_>\Instrumentation\Off-Line\Without Implied Components\Single Function\Disc Single-Func Field Mounted.sym</PATH_>
        <HANDLE_>86C</HANDLE_>
        <TAG_>794 A</TAG_>
        <FUNCTION_>PI</FUNCTION_>
        <LONGDESC_ />
        <LINE_NUM_ />
        <INSULATE_ />
        <ENDFLANGE_>false</ENDFLANGE_>
      </attributes>
    </tag>
    <tag>
      <point x="270" y="530" />
      <point x="0" y="0" />
      <attributes>
        <ROTATION_>0</ROTATION_>
        <PATH_>\Instrumentation\System Functions\Interlocks\Interlock Function -2.sym</PATH_>
        <HANDLE_>2AA</HANDLE_>
        <TAG_ />
        <FUNCTION_ />
        <LONGDESC_ />
        <LINE_NUM_ />
        <INSULATE_ />
        <ENDFLANGE_>false</ENDFLANGE_>
      </attributes>
    </tag>
    <tag>
      <point x="300" y="530" />
      <point x="0" y="0" />
      <attributes>
        <ROTATION_>0</ROTATION_>
        <PATH_>\Instrumentation\System Functions\D C S\DCS Field Mounted.sym</PATH_>
        <HANDLE_>845</HANDLE_>
        <TAG_>794  </TAG_>
        <FUNCTION_>TAH</FUNCTION_>
        <LONGDESC_ />
        <LINE_NUM_ />
        <INSULATE_ />
        <ENDFLANGE_>false</ENDFLANGE_>
      </attributes>
    </tag>
    <tag>
      <point x="295" y="550" />
      <point x="0" y="0" />
      <attributes>
        <ROTATION_>0</ROTATION_>
        <PATH_>\Instrumentation\System Functions\Interlocks\Interlock Function -2.sym</PATH_>
        <HANDLE_>2B3</HANDLE_>
        <TAG_ />
        <FUNCTION_ />
        <LONGDESC_ />
        <LINE_NUM_ />
        <INSULATE_ />
        <ENDFLANGE_>false</ENDFLANGE_>
      </attributes>
    </tag>
    <tag>
      <point x="325" y="550" />
      <point x="0" y="0" />
      <attributes>
        <ROTATION_>0</ROTATION_>
        <PATH_>\Instrumentation\System Functions\D C S\DCS Field Mounted.sym</PATH_>
        <HANDLE_>818</HANDLE_>
        <TAG_>794  </TAG_>
        <FUNCTION_>PAH</FUNCTION_>
        <LONGDESC_ />
        <LINE_NUM_ />
        <INSULATE_ />
        <ENDFLANGE_>false</ENDFLANGE_>
      </attributes>
    </tag>
  </component>
  <component type="Lines">
    <tag>
      <point x="30" y="330" />
      <point x="685" y="330" />
      <attributes>
        <ROTATION_>0</ROTATION_>
        <PATH_>\Piping\Routing\Process Lines\Primary Piping.sym</PATH_>
        <TAG_>516-CWR-4579-1CS1S04- -NI</TAG_>
        <ENDFLANGE_>false</ENDFLANGE_>
      </attributes>
    </tag>
    <tag>
      <point x="30" y="355" />
      <point x="735" y="355" />
      <attributes>
        <ROTATION_>0</ROTATION_>
        <PATH_>\Piping\Routing\Process Lines\Primary Piping.sym</PATH_>
        <TAG_>517-CWS-4578-1CS1S04- -NI</TAG_>
        <ENDFLANGE_>false</ENDFLANGE_>
      </attributes>
    </tag>
    <tag>
      <point x="685" y="365" />
      <point x="710" y="365" />
      <attributes>
        <ROTATION_>0</ROTATION_>
        <PATH_>\Piping\Routing\Process Lines\Primary Piping.sym</PATH_>
        <TAG_>516-CWR-4579-1CS1S04- -NI</TAG_>
        <ENDFLANGE_>false</ENDFLANGE_>
      </attributes>
    </tag>
    <tag>
      <point x="715" y="370" />
      <point x="720" y="370" />
      <attributes>
        <ROTATION_>0</ROTATION_>
        <PATH_>\Piping\Routing\Process Lines\Primary Piping.sym</PATH_>
        <TAG_ />
        <ENDFLANGE_>false</ENDFLANGE_>
      </attributes>
    </tag>
    <tag>
      <point x="710" y="375" />
      <point x="720" y="375" />
      <attributes>
        <ROTATION_>0</ROTATION_>
        <PATH_>\Piping\Routing\Process Lines\Primary Piping.sym</PATH_>
        <TAG_ />
        <ENDFLANGE_>false</ENDFLANGE_>
      </attributes>
    </tag>
    <tag>
      <point x="195" y="415" />
      <point x="200" y="415" />
      <attributes>
        <ROTATION_>0</ROTATION_>
        <PATH_>\Piping\Routing\Process Lines\Primary Piping.sym</PATH_>
        <TAG_ />
        <ENDFLANGE_>false</ENDFLANGE_>
      </attributes>
    </tag>
    <tag>
      <point x="455" y="425" />
      <point x="665" y="425" />
      <attributes>
        <ROTATION_>0</ROTATION_>
        <PATH_>\Piping\Routing\Process Lines\Primary Piping.sym</PATH_>
        <TAG_ />
        <ENDFLANGE_>false</ENDFLANGE_>
      </attributes>
    </tag>
    <tag>
      <point x="750" y="425" />
      <point x="795" y="425" />
      <attributes>
        <ROTATION_>0</ROTATION_>
        <PATH_>\Piping\Routing\Process Lines\Primary Piping.sym</PATH_>
        <TAG_ />
        <ENDFLANGE_>false</ENDFLANGE_>
      </attributes>
    </tag>
    <tag>
      <point x="145" y="430" />
      <point x="195" y="430" />
      <attributes>
        <ROTATION_>0</ROTATION_>
        <PATH_>\Piping\Routing\Process Lines\Primary Piping.sym</PATH_>
        <TAG_ />
        <ENDFLANGE_>false</ENDFLANGE_>
      </attributes>
    </tag>
    <tag>
      <point x="225" y="435" />
      <point x="280" y="435" />
      <attributes>
        <ROTATION_>0</ROTATION_>
        <PATH_>\Piping\Routing\Process Lines\Primary Piping.sym</PATH_>
        <TAG_ />
        <ENDFLANGE_>false</ENDFLANGE_>
      </attributes>
    </tag>
    <tag>
      <point x="290" y="475" />
      <point x="455" y="475" />
      <attributes>
        <ROTATION_>0</ROTATION_>
        <PATH_>\Piping\Routing\Process Lines\Primary Piping.sym</PATH_>
        <TAG_ />
        <ENDFLANGE_>false</ENDFLANGE_>
      </attributes>
    </tag>
    <tag>
      <point x="805" y="485" />
      <point x="980" y="485" />
      <attributes>
        <ROTATION_>0</ROTATION_>
        <PATH_>\Piping\Routing\Process Lines\Primary Piping.sym</PATH_>
        <TAG_ />
        <ENDFLANGE_>false</ENDFLANGE_>
      </attributes>
    </tag>
    <tag>
      <point x="375" y="515" />
      <point x="385" y="515" />
      <attributes>
        <ROTATION_>0</ROTATION_>
        <PATH_>\Piping\Routing\Process Lines\Primary Piping.sym</PATH_>
        <TAG_ />
        <ENDFLANGE_>false</ENDFLANGE_>
      </attributes>
    </tag>
    <tag>
      <point x="385" y="530" />
      <point x="390" y="530" />
      <attributes>
        <ROTATION_>0</ROTATION_>
        <PATH_>\Piping\Routing\Process Lines\Primary Piping.sym</PATH_>
        <TAG_ />
        <ENDFLANGE_>false</ENDFLANGE_>
      </attributes>
    </tag>
    <tag>
      <point x="645" y="530" />
      <point x="980" y="530" />
      <attributes>
        <ROTATION_>0</ROTATION_>
        <PATH_>\Piping\Routing\Process Lines\Primary Piping.sym</PATH_>
        <TAG_ />
        <ENDFLANGE_>false</ENDFLANGE_>
      </attributes>
    </tag>
    <tag>
      <point x="95" y="350" />
      <point x="95" y="355" />
      <attributes>
        <ROTATION_>0</ROTATION_>
        <PATH_>\Piping\Routing\Process Lines\Primary Piping.sym</PATH_>
        <TAG_>517-CWS-4578-1CS1S04- -NI</TAG_>
        <ENDFLANGE_>false</ENDFLANGE_>
      </attributes>
    </tag>
    <tag>
      <point x="135" y="460" />
      <point x="135" y="500" />
      <attributes>
        <ROTATION_>0</ROTATION_>
        <PATH_>\Piping\Routing\Process Lines\Primary Piping.sym</PATH_>
        <TAG_ />
        <ENDFLANGE_>false</ENDFLANGE_>
      </attributes>
    </tag>
    <tag>
      <point x="135" y="520" />
      <point x="135" y="545" />
      <attributes>
        <ROTATION_>0</ROTATION_>
        <PATH_>\Piping\Routing\Process Lines\Primary Piping.sym</PATH_>
        <TAG_ />
        <ENDFLANGE_>false</ENDFLANGE_>
      </attributes>
    </tag>
    <tag>
      <point x="190" y="355" />
      <point x="190" y="415" />
      <attributes>
        <ROTATION_>0</ROTATION_>
        <PATH_>\Piping\Routing\Process Lines\Primary Piping.sym</PATH_>
        <TAG_>517-CWS-4578-1CS1S04- -NI</TAG_>
        <ENDFLANGE_>false</ENDFLANGE_>
      </attributes>
    </tag>
    <tag>
      <point x="195" y="330" />
      <point x="195" y="415" />
      <attributes>
        <ROTATION_>0</ROTATION_>
        <PATH_>\Piping\Routing\Process Lines\Primary Piping.sym</PATH_>
        <TAG_>516-CWR-4579-1CS1S04- -NI</TAG_>
        <ENDFLANGE_>false</ENDFLANGE_>
      </attributes>
    </tag>
    <tag>
      <point x="290" y="465" />
      <point x="290" y="475" />
      <attributes>
        <ROTATION_>0</ROTATION_>
        <PATH_>\Piping\Routing\Process Lines\Primary Piping.sym</PATH_>
        <TAG_ />
        <ENDFLANGE_>false</ENDFLANGE_>
      </attributes>
    </tag>
    <tag>
      <point x="375" y="475" />
      <point x="375" y="515" />
      <attributes>
        <ROTATION_>0</ROTATION_>
        <PATH_>\Piping\Routing\Process Lines\Primary Piping.sym</PATH_>
        <TAG_ />
        <ENDFLANGE_>false</ENDFLANGE_>
      </attributes>
    </tag>
    <tag>
      <point x="385" y="515" />
      <point x="385" y="530" />
      <attributes>
        <ROTATION_>0</ROTATION_>
        <PATH_>\Piping\Routing\Process Lines\Primary Piping.sym</PATH_>
        <TAG_ />
        <ENDFLANGE_>false</ENDFLANGE_>
      </attributes>
    </tag>
    <tag>
      <point x="455" y="425" />
      <point x="455" y="475" />
      <attributes>
        <ROTATION_>0</ROTATION_>
        <PATH_>\Piping\Routing\Process Lines\Primary Piping.sym</PATH_>
        <TAG_ />
        <ENDFLANGE_>false</ENDFLANGE_>
      </attributes>
    </tag>
    <tag>
      <point x="645" y="425" />
      <point x="645" y="530" />
      <attributes>
        <ROTATION_>0</ROTATION_>
        <PATH_>\Piping\Routing\Process Lines\Primary Piping.sym</PATH_>
        <TAG_ />
        <ENDFLANGE_>false</ENDFLANGE_>
      </attributes>
    </tag>
    <tag>
      <point x="685" y="330" />
      <point x="685" y="410" />
      <attributes>
        <ROTATION_>0</ROTATION_>
        <PATH_>\Piping\Routing\Process Lines\Primary Piping.sym</PATH_>
        <TAG_>516-CWR-4579-1CS1S04- -NI</TAG_>
        <ENDFLANGE_>false</ENDFLANGE_>
      </attributes>
    </tag>
    <tag>
      <point x="710" y="365" />
      <point x="710" y="375" />
      <attributes>
        <ROTATION_>0</ROTATION_>
        <PATH_>\Piping\Routing\Process Lines\Primary Piping.sym</PATH_>
        <TAG_ />
        <ENDFLANGE_>false</ENDFLANGE_>
      </attributes>
    </tag>
    <tag>
      <point x="720" y="365" />
      <point x="720" y="375" />
      <attributes>
        <ROTATION_>0</ROTATION_>
        <PATH_>\Piping\Routing\Process Lines\Primary Piping.sym</PATH_>
        <TAG_ />
        <ENDFLANGE_>false</ENDFLANGE_>
      </attributes>
    </tag>
    <tag>
      <point x="735" y="355" />
      <point x="735" y="410" />
      <attributes>
        <ROTATION_>0</ROTATION_>
        <PATH_>\Piping\Routing\Process Lines\Primary Piping.sym</PATH_>
        <TAG_>517-CWS-4578-1CS1S04- -NI</TAG_>
        <ENDFLANGE_>false</ENDFLANGE_>
      </attributes>
    </tag>
    <tag>
      <point x="805" y="410" />
      <point x="805" y="415" />
      <attributes>
        <ROTATION_>0</ROTATION_>
        <PATH_>\Piping\Routing\Process Lines\Primary Piping.sym</PATH_>
        <TAG_ />
        <ENDFLANGE_>false</ENDFLANGE_>
      </attributes>
    </tag>
    <tag>
      <point x="805" y="450" />
      <point x="805" y="485" />
      <attributes>
        <ROTATION_>0</ROTATION_>
        <PATH_>\Piping\Routing\Process Lines\Primary Piping.sym</PATH_>
        <TAG_ />
        <ENDFLANGE_>false</ENDFLANGE_>
      </attributes>
    </tag>
  </component>
  <component type="Angle Lines">
    <tag>
      <point x="880" y="485" />
      <point x="880" y="485" />
      <attributes>
        <ROTATION_>0</ROTATION_>
        <PATH_>\Piping\Routing\Process Lines\Primary Piping.sym</PATH_>
        <TAG_ />
        <ENDFLANGE_>false</ENDFLANGE_>
      </attributes>
    </tag>
    <tag>
      <point x="135" y="500" />
      <point x="135" y="500" />
      <attributes>
        <ROTATION_>0</ROTATION_>
        <PATH_>\Piping\Routing\Process Lines\Primary Piping.sym</PATH_>
        <TAG_ />
        <ENDFLANGE_>false</ENDFLANGE_>
      </attributes>
    </tag>
    <tag>
      <point x="135" y="545" />
      <point x="135" y="545" />
      <attributes>
        <ROTATION_>0</ROTATION_>
        <PATH_>\Piping\Routing\Process Lines\Primary Piping.sym</PATH_>
        <TAG_ />
        <ENDFLANGE_>false</ENDFLANGE_>
      </attributes>
    </tag>
    <tag>
      <point x="760" y="425" />
      <point x="760" y="425" />
      <attributes>
        <ROTATION_>0</ROTATION_>
        <PATH_>\Piping\Routing\Process Lines\Primary Piping.sym</PATH_>
        <TAG_ />
        <ENDFLANGE_>false</ENDFLANGE_>
      </attributes>
    </tag>
    <tag>
      <point x="665" y="425" />
      <point x="665" y="425" />
      <attributes>
        <ROTATION_>0</ROTATION_>
        <PATH_>\Piping\Routing\Process Lines\Primary Piping.sym</PATH_>
        <TAG_ />
        <ENDFLANGE_>false</ENDFLANGE_>
      </attributes>
    </tag>
    <tag>
      <point x="325" y="475" />
      <point x="325" y="475" />
      <attributes>
        <ROTATION_>0</ROTATION_>
        <PATH_>\Piping\Routing\Process Lines\Primary Piping.sym</PATH_>
        <TAG_ />
        <ENDFLANGE_>false</ENDFLANGE_>
      </attributes>
    </tag>
    <tag>
      <point x="735" y="355" />
      <point x="735" y="355" />
      <attributes>
        <ROTATION_>0</ROTATION_>
        <PATH_>\Piping\Routing\Process Lines\Primary Piping.sym</PATH_>
        <TAG_ />
        <ENDFLANGE_>false</ENDFLANGE_>
      </attributes>
    </tag>
    <tag>
      <point x="695" y="365" />
      <point x="695" y="365" />
      <attributes>
        <ROTATION_>0</ROTATION_>
        <PATH_>\Piping\Routing\Process Lines\Primary Piping.sym</PATH_>
        <TAG_ />
        <ENDFLANGE_>false</ENDFLANGE_>
      </attributes>
    </tag>
    <tag>
      <point x="720" y="375" />
      <point x="720" y="375" />
      <attributes>
        <ROTATION_>0</ROTATION_>
        <PATH_>\Piping\Routing\Process Lines\Primary Piping.sym</PATH_>
        <TAG_ />
        <ENDFLANGE_>false</ENDFLANGE_>
      </attributes>
    </tag>
    <tag>
      <point x="205" y="420" />
      <point x="195" y="415" />
      <attributes>
        <ROTATION_>0</ROTATION_>
        <PATH_>\Piping\Routing\Process Lines\Primary Piping.sym</PATH_>
        <TAG_ />
        <ENDFLANGE_>false</ENDFLANGE_>
      </attributes>
    </tag>
    <tag>
      <point x="195" y="415" />
      <point x="195" y="415" />
      <attributes>
        <ROTATION_>0</ROTATION_>
        <PATH_>\Piping\Routing\Process Lines\Primary Piping.sym</PATH_>
        <TAG_ />
        <ENDFLANGE_>false</ENDFLANGE_>
      </attributes>
    </tag>
    <tag>
      <point x="200" y="425" />
      <point x="190" y="415" />
      <attributes>
        <ROTATION_>0</ROTATION_>
        <PATH_>\Piping\Routing\Process Lines\Primary Piping.sym</PATH_>
        <TAG_ />
        <ENDFLANGE_>false</ENDFLANGE_>
      </attributes>
    </tag>
    <tag>
      <point x="190" y="415" />
      <point x="190" y="415" />
      <attributes>
        <ROTATION_>0</ROTATION_>
        <PATH_>\Piping\Routing\Process Lines\Primary Piping.sym</PATH_>
        <TAG_ />
        <ENDFLANGE_>false</ENDFLANGE_>
      </attributes>
    </tag>
    <tag>
      <point x="190" y="415" />
      <point x="190" y="415" />
      <attributes>
        <ROTATION_>0</ROTATION_>
        <PATH_>\Piping\Routing\Process Lines\Primary Piping.sym</PATH_>
        <TAG_ />
        <ENDFLANGE_>false</ENDFLANGE_>
      </attributes>
    </tag>
    <tag>
      <point x="290" y="475" />
      <point x="290" y="475" />
      <attributes>
        <ROTATION_>0</ROTATION_>
        <PATH_>\Piping\Routing\Process Lines\Primary Piping.sym</PATH_>
        <TAG_ />
        <ENDFLANGE_>false</ENDFLANGE_>
      </attributes>
    </tag>
    <tag>
      <point x="685" y="355" />
      <point x="685" y="355" />
      <attributes>
        <ROTATION_>0</ROTATION_>
        <PATH_>\Piping\Routing\Process Lines\Primary Piping.sym</PATH_>
        <TAG_ />
        <ENDFLANGE_>false</ENDFLANGE_>
      </attributes>
    </tag>
    <tag>
      <point x="685" y="330" />
      <point x="685" y="330" />
      <attributes>
        <ROTATION_>0</ROTATION_>
        <PATH_>\Piping\Routing\Process Lines\Primary Piping.sym</PATH_>
        <TAG_ />
        <ENDFLANGE_>false</ENDFLANGE_>
      </attributes>
    </tag>
    <tag>
      <point x="385" y="515" />
      <point x="385" y="515" />
      <attributes>
        <ROTATION_>0</ROTATION_>
        <PATH_>\Piping\Routing\Process Lines\Primary Piping.sym</PATH_>
        <TAG_ />
        <ENDFLANGE_>false</ENDFLANGE_>
      </attributes>
    </tag>
    <tag>
      <point x="375" y="510" />
      <point x="375" y="510" />
      <attributes>
        <ROTATION_>0</ROTATION_>
        <PATH_>\Piping\Routing\Process Lines\Primary Piping.sym</PATH_>
        <TAG_ />
        <ENDFLANGE_>false</ENDFLANGE_>
      </attributes>
    </tag>
    <tag>
      <point x="410" y="475" />
      <point x="410" y="475" />
      <attributes>
        <ROTATION_>0</ROTATION_>
        <PATH_>\Piping\Routing\Process Lines\Primary Piping.sym</PATH_>
        <TAG_ />
        <ENDFLANGE_>false</ENDFLANGE_>
      </attributes>
    </tag>
    <tag>
      <point x="805" y="485" />
      <point x="805" y="485" />
      <attributes>
        <ROTATION_>0</ROTATION_>
        <PATH_>\Piping\Routing\Process Lines\Primary Piping.sym</PATH_>
        <TAG_ />
        <ENDFLANGE_>false</ENDFLANGE_>
      </attributes>
    </tag>
    <tag>
      <point x="195" y="430" />
      <point x="195" y="430" />
      <attributes>
        <ROTATION_>0</ROTATION_>
        <PATH_>\Piping\Routing\Process Lines\Primary Piping.sym</PATH_>
        <TAG_ />
        <ENDFLANGE_>false</ENDFLANGE_>
      </attributes>
    </tag>
    <tag>
      <point x="275" y="435" />
      <point x="275" y="435" />
      <attributes>
        <ROTATION_>0</ROTATION_>
        <PATH_>\Piping\Routing\Process Lines\Primary Piping.sym</PATH_>
        <TAG_ />
        <ENDFLANGE_>false</ENDFLANGE_>
      </attributes>
    </tag>
    <tag>
      <point x="190" y="375" />
      <point x="190" y="375" />
      <attributes>
        <ROTATION_>0</ROTATION_>
        <PATH_>\Piping\Routing\Process Lines\Primary Piping.sym</PATH_>
        <TAG_ />
        <ENDFLANGE_>false</ENDFLANGE_>
      </attributes>
    </tag>
    <tag>
      <point x="805" y="410" />
      <point x="805" y="410" />
      <attributes>
        <ROTATION_>0</ROTATION_>
        <PATH_>\Piping\Routing\Process Lines\Primary Piping.sym</PATH_>
        <TAG_ />
        <ENDFLANGE_>false</ENDFLANGE_>
      </attributes>
    </tag>
    <tag>
      <point x="180" y="355" />
      <point x="180" y="355" />
      <attributes>
        <ROTATION_>0</ROTATION_>
        <PATH_>\Piping\Routing\Process Lines\Primary Piping.sym</PATH_>
        <TAG_ />
        <ENDFLANGE_>false</ENDFLANGE_>
      </attributes>
    </tag>
    <tag>
      <point x="685" y="405" />
      <point x="685" y="405" />
      <attributes>
        <ROTATION_>0</ROTATION_>
        <PATH_>\Piping\Routing\Process Lines\Primary Piping.sym</PATH_>
        <TAG_ />
        <ENDFLANGE_>false</ENDFLANGE_>
      </attributes>
    </tag>
    <tag>
      <point x="710" y="365" />
      <point x="710" y="365" />
      <attributes>
        <ROTATION_>0</ROTATION_>
        <PATH_>\Piping\Routing\Process Lines\Primary Piping.sym</PATH_>
        <TAG_ />
        <ENDFLANGE_>false</ENDFLANGE_>
      </attributes>
    </tag>
    <tag>
      <point x="190" y="355" />
      <point x="190" y="355" />
      <attributes>
        <ROTATION_>0</ROTATION_>
        <PATH_>\Piping\Routing\Process Lines\Primary Piping.sym</PATH_>
        <TAG_ />
        <ENDFLANGE_>false</ENDFLANGE_>
      </attributes>
    </tag>
    <tag>
      <point x="195" y="355" />
      <point x="195" y="355" />
      <attributes>
        <ROTATION_>0</ROTATION_>
        <PATH_>\Piping\Routing\Process Lines\Primary Piping.sym</PATH_>
        <TAG_ />
        <ENDFLANGE_>false</ENDFLANGE_>
      </attributes>
    </tag>
    <tag>
      <point x="195" y="330" />
      <point x="195" y="330" />
      <attributes>
        <ROTATION_>0</ROTATION_>
        <PATH_>\Piping\Routing\Process Lines\Primary Piping.sym</PATH_>
        <TAG_ />
        <ENDFLANGE_>false</ENDFLANGE_>
      </attributes>
    </tag>
    <tag>
      <point x="795" y="425" />
      <point x="795" y="425" />
      <attributes>
        <ROTATION_>0</ROTATION_>
        <PATH_>\Piping\Routing\Process Lines\Primary Piping.sym</PATH_>
        <TAG_ />
        <ENDFLANGE_>false</ENDFLANGE_>
      </attributes>
    </tag>
    <tag>
      <point x="805" y="460" />
      <point x="805" y="460" />
      <attributes>
        <ROTATION_>0</ROTATION_>
        <PATH_>\Piping\Routing\Process Lines\Primary Piping.sym</PATH_>
        <TAG_ />
        <ENDFLANGE_>false</ENDFLANGE_>
      </attributes>
    </tag>
    <tag>
      <point x="180" y="330" />
      <point x="180" y="330" />
      <attributes>
        <ROTATION_>0</ROTATION_>
        <PATH_>\Piping\Routing\Process Lines\Primary Piping.sym</PATH_>
        <TAG_ />
        <ENDFLANGE_>false</ENDFLANGE_>
      </attributes>
    </tag>
    <tag>
      <point x="95" y="355" />
      <point x="95" y="355" />
      <attributes>
        <ROTATION_>0</ROTATION_>
        <PATH_>\Piping\Routing\Process Lines\Primary Piping.sym</PATH_>
        <TAG_ />
        <ENDFLANGE_>false</ENDFLANGE_>
      </attributes>
    </tag>
    <tag>
      <point x="95" y="330" />
      <point x="95" y="330" />
      <attributes>
        <ROTATION_>0</ROTATION_>
        <PATH_>\Piping\Routing\Process Lines\Primary Piping.sym</PATH_>
        <TAG_ />
        <ENDFLANGE_>false</ENDFLANGE_>
      </attributes>
    </tag>
    <tag>
      <point x="375" y="475" />
      <point x="375" y="475" />
      <attributes>
        <ROTATION_>0</ROTATION_>
        <PATH_>\Piping\Routing\Process Lines\Primary Piping.sym</PATH_>
        <TAG_ />
        <ENDFLANGE_>false</ENDFLANGE_>
      </attributes>
    </tag>
    <tag>
      <point x="980" y="485" />
      <point x="980" y="485" />
      <attributes>
        <ROTATION_>0</ROTATION_>
        <PATH_>\Piping\Routing\Process Lines\Primary Piping.sym</PATH_>
        <TAG_ />
        <ENDFLANGE_>false</ENDFLANGE_>
      </attributes>
    </tag>
    <tag>
      <point x="425" y="475" />
      <point x="425" y="475" />
      <attributes>
        <ROTATION_>0</ROTATION_>
        <PATH_>\Piping\Routing\Process Lines\Primary Piping.sym</PATH_>
        <TAG_ />
        <ENDFLANGE_>false</ENDFLANGE_>
      </attributes>
    </tag>
    <tag>
      <point x="135" y="485" />
      <point x="135" y="485" />
      <attributes>
        <ROTATION_>0</ROTATION_>
        <PATH_>\Piping\Routing\Process Lines\Primary Piping.sym</PATH_>
        <TAG_ />
        <ENDFLANGE_>false</ENDFLANGE_>
      </attributes>
    </tag>
    <tag>
      <point x="30" y="355" />
      <point x="30" y="355" />
      <attributes>
        <ROTATION_>0</ROTATION_>
        <PATH_>\Piping\Routing\Process Lines\Primary Piping.sym</PATH_>
        <TAG_ />
        <ENDFLANGE_>false</ENDFLANGE_>
      </attributes>
    </tag>
    <tag>
      <point x="685" y="365" />
      <point x="685" y="365" />
      <attributes>
        <ROTATION_>0</ROTATION_>
        <PATH_>\Piping\Routing\Process Lines\Primary Piping.sym</PATH_>
        <TAG_ />
        <ENDFLANGE_>false</ENDFLANGE_>
      </attributes>
    </tag>
    <tag>
      <point x="390" y="475" />
      <point x="390" y="475" />
      <attributes>
        <ROTATION_>0</ROTATION_>
        <PATH_>\Piping\Routing\Process Lines\Primary Piping.sym</PATH_>
        <TAG_ />
        <ENDFLANGE_>false</ENDFLANGE_>
      </attributes>
    </tag>
    <tag>
      <point x="855" y="485" />
      <point x="855" y="485" />
      <attributes>
        <ROTATION_>0</ROTATION_>
        <PATH_>\Piping\Routing\Process Lines\Primary Piping.sym</PATH_>
        <TAG_ />
        <ENDFLANGE_>false</ENDFLANGE_>
      </attributes>
    </tag>
    <tag>
      <point x="455" y="475" />
      <point x="455" y="475" />
      <attributes>
        <ROTATION_>0</ROTATION_>
        <PATH_>\Piping\Routing\Process Lines\Primary Piping.sym</PATH_>
        <TAG_ />
        <ENDFLANGE_>false</ENDFLANGE_>
      </attributes>
    </tag>
    <tag>
      <point x="455" y="475" />
      <point x="455" y="475" />
      <attributes>
        <ROTATION_>0</ROTATION_>
        <PATH_>\Piping\Routing\Process Lines\Primary Piping.sym</PATH_>
        <TAG_ />
        <ENDFLANGE_>false</ENDFLANGE_>
      </attributes>
    </tag>
    <tag>
      <point x="455" y="475" />
      <point x="455" y="475" />
      <attributes>
        <ROTATION_>0</ROTATION_>
        <PATH_>\Piping\Routing\Process Lines\Primary Piping.sym</PATH_>
        <TAG_ />
        <ENDFLANGE_>false</ENDFLANGE_>
      </attributes>
    </tag>
    <tag>
      <point x="455" y="475" />
      <point x="455" y="475" />
      <attributes>
        <ROTATION_>0</ROTATION_>
        <PATH_>\Piping\Routing\Process Lines\Primary Piping.sym</PATH_>
        <TAG_ />
        <ENDFLANGE_>false</ENDFLANGE_>
      </attributes>
    </tag>
    <tag>
      <point x="730" y="355" />
      <point x="730" y="355" />
      <attributes>
        <ROTATION_>0</ROTATION_>
        <PATH_>\Piping\Routing\Process Lines\Primary Piping.sym</PATH_>
        <TAG_ />
        <ENDFLANGE_>false</ENDFLANGE_>
      </attributes>
    </tag>
    <tag>
      <point x="730" y="355" />
      <point x="730" y="355" />
      <attributes>
        <ROTATION_>0</ROTATION_>
        <PATH_>\Piping\Routing\Process Lines\Primary Piping.sym</PATH_>
        <TAG_ />
        <ENDFLANGE_>false</ENDFLANGE_>
      </attributes>
    </tag>
    <tag>
      <point x="190" y="410" />
      <point x="190" y="410" />
      <attributes>
        <ROTATION_>0</ROTATION_>
        <PATH_>\Piping\Routing\Process Lines\Primary Piping.sym</PATH_>
        <TAG_ />
        <ENDFLANGE_>false</ENDFLANGE_>
      </attributes>
    </tag>
    <tag>
      <point x="190" y="410" />
      <point x="190" y="410" />
      <attributes>
        <ROTATION_>0</ROTATION_>
        <PATH_>\Piping\Routing\Process Lines\Primary Piping.sym</PATH_>
        <TAG_ />
        <ENDFLANGE_>false</ENDFLANGE_>
      </attributes>
    </tag>
    <tag>
      <point x="720" y="370" />
      <point x="720" y="370" />
      <attributes>
        <ROTATION_>0</ROTATION_>
        <PATH_>\Piping\Routing\Process Lines\Primary Piping.sym</PATH_>
        <TAG_ />
        <ENDFLANGE_>false</ENDFLANGE_>
      </attributes>
    </tag>
    <tag>
      <point x="805" y="485" />
      <point x="805" y="485" />
      <attributes>
        <ROTATION_>0</ROTATION_>
        <PATH_>\Piping\Routing\Process Lines\Primary Piping.sym</PATH_>
        <TAG_ />
        <ENDFLANGE_>false</ENDFLANGE_>
      </attributes>
    </tag>
    <tag>
      <point x="805" y="485" />
      <point x="805" y="485" />
      <attributes>
        <ROTATION_>0</ROTATION_>
        <PATH_>\Piping\Routing\Process Lines\Primary Piping.sym</PATH_>
        <TAG_ />
        <ENDFLANGE_>false</ENDFLANGE_>
      </attributes>
    </tag>
    <tag>
      <point x="805" y="485" />
      <point x="805" y="485" />
      <attributes>
        <ROTATION_>0</ROTATION_>
        <PATH_>\Piping\Routing\Process Lines\Primary Piping.sym</PATH_>
        <TAG_ />
        <ENDFLANGE_>false</ENDFLANGE_>
      </attributes>
    </tag>
    <tag>
      <point x="685" y="330" />
      <point x="685" y="330" />
      <attributes>
        <ROTATION_>0</ROTATION_>
        <PATH_>\Piping\Routing\Process Lines\Primary Piping.sym</PATH_>
        <TAG_ />
        <ENDFLANGE_>false</ENDFLANGE_>
      </attributes>
    </tag>
    <tag>
      <point x="685" y="330" />
      <point x="685" y="330" />
      <attributes>
        <ROTATION_>0</ROTATION_>
        <PATH_>\Piping\Routing\Process Lines\Primary Piping.sym</PATH_>
        <TAG_ />
        <ENDFLANGE_>false</ENDFLANGE_>
      </attributes>
    </tag>
    <tag>
      <point x="685" y="330" />
      <point x="685" y="330" />
      <attributes>
        <ROTATION_>0</ROTATION_>
        <PATH_>\Piping\Routing\Process Lines\Primary Piping.sym</PATH_>
        <TAG_ />
        <ENDFLANGE_>false</ENDFLANGE_>
      </attributes>
    </tag>
    <tag>
      <point x="135" y="525" />
      <point x="135" y="525" />
      <attributes>
        <ROTATION_>0</ROTATION_>
        <PATH_>\Piping\Routing\Process Lines\Primary Piping.sym</PATH_>
        <TAG_ />
        <ENDFLANGE_>false</ENDFLANGE_>
      </attributes>
    </tag>
    <tag>
      <point x="135" y="525" />
      <point x="135" y="525" />
      <attributes>
        <ROTATION_>0</ROTATION_>
        <PATH_>\Piping\Routing\Process Lines\Primary Piping.sym</PATH_>
        <TAG_ />
        <ENDFLANGE_>false</ENDFLANGE_>
      </attributes>
    </tag>
    <tag>
      <point x="135" y="525" />
      <point x="135" y="525" />
      <attributes>
        <ROTATION_>0</ROTATION_>
        <PATH_>\Piping\Routing\Process Lines\Primary Piping.sym</PATH_>
        <TAG_ />
        <ENDFLANGE_>false</ENDFLANGE_>
      </attributes>
    </tag>
    <tag>
      <point x="385" y="530" />
      <point x="385" y="530" />
      <attributes>
        <ROTATION_>0</ROTATION_>
        <PATH_>\Piping\Routing\Process Lines\Primary Piping.sym</PATH_>
        <TAG_ />
        <ENDFLANGE_>false</ENDFLANGE_>
      </attributes>
    </tag>
    <tag>
      <point x="385" y="530" />
      <point x="385" y="530" />
      <attributes>
        <ROTATION_>0</ROTATION_>
        <PATH_>\Piping\Routing\Process Lines\Primary Piping.sym</PATH_>
        <TAG_ />
        <ENDFLANGE_>false</ENDFLANGE_>
      </attributes>
    </tag>
    <tag>
      <point x="200" y="415" />
      <point x="200" y="415" />
      <attributes>
        <ROTATION_>0</ROTATION_>
        <PATH_>\Piping\Routing\Process Lines\Primary Piping.sym</PATH_>
        <TAG_ />
        <ENDFLANGE_>false</ENDFLANGE_>
      </attributes>
    </tag>
    <tag>
      <point x="200" y="415" />
      <point x="200" y="415" />
      <attributes>
        <ROTATION_>0</ROTATION_>
        <PATH_>\Piping\Routing\Process Lines\Primary Piping.sym</PATH_>
        <TAG_ />
        <ENDFLANGE_>false</ENDFLANGE_>
      </attributes>
    </tag>
    <tag>
      <point x="135" y="465" />
      <point x="135" y="465" />
      <attributes>
        <ROTATION_>0</ROTATION_>
        <PATH_>\Piping\Routing\Process Lines\Primary Piping.sym</PATH_>
        <TAG_ />
        <ENDFLANGE_>false</ENDFLANGE_>
      </attributes>
    </tag>
    <tag>
      <point x="135" y="465" />
      <point x="135" y="465" />
      <attributes>
        <ROTATION_>0</ROTATION_>
        <PATH_>\Piping\Routing\Process Lines\Primary Piping.sym</PATH_>
        <TAG_ />
        <ENDFLANGE_>false</ENDFLANGE_>
      </attributes>
    </tag>
    <tag>
      <point x="30" y="330" />
      <point x="30" y="330" />
      <attributes>
        <ROTATION_>0</ROTATION_>
        <PATH_>\Piping\Routing\Process Lines\Primary Piping.sym</PATH_>
        <TAG_ />
        <ENDFLANGE_>false</ENDFLANGE_>
      </attributes>
    </tag>
    <tag>
      <point x="95" y="355" />
      <point x="95" y="355" />
      <attributes>
        <ROTATION_>0</ROTATION_>
        <PATH_>\Piping\Routing\Process Lines\Primary Piping.sym</PATH_>
        <TAG_ />
        <ENDFLANGE_>false</ENDFLANGE_>
      </attributes>
    </tag>
  </component>
  <component type="Lines">
    <tag>
      <point x="175" y="485" />
      <point x="190" y="485" />
      <attributes>
        <ROTATION_>0</ROTATION_>
        <PATH_>\Instrumentation\Signal Line\Software Link.sym</PATH_>
        <TAG_>INSTRUMENT LINE PROCESS</TAG_>
        <ENDFLANGE_>false</ENDFLANGE_>
      </attributes>
    </tag>
    <tag>
      <point x="685" y="405" />
      <point x="690" y="405" />
      <attributes>
        <ROTATION_>0</ROTATION_>
        <PATH_>\Instrumentation\Signal Line\Connect to Process.sym</PATH_>
        <TAG_>INSTRUMENT LINE PROCESS</TAG_>
        <ENDFLANGE_>false</ENDFLANGE_>
      </attributes>
    </tag>
    <tag>
      <point x="840" y="425" />
      <point x="850" y="425" />
      <attributes>
        <ROTATION_>0</ROTATION_>
        <PATH_>\Instrumentation\Signal Line\Software Link.sym</PATH_>
        <TAG_>INSTRUMENT LINE PROCESS</TAG_>
        <ENDFLANGE_>false</ENDFLANGE_>
      </attributes>
    </tag>
    <tag>
      <point x="305" y="550" />
      <point x="320" y="550" />
      <attributes>
        <ROTATION_>0</ROTATION_>
        <PATH_>\Instrumentation\Signal Line\Software Link.sym</PATH_>
        <TAG_>INSTRUMENT LINE PROCESS</TAG_>
        <ENDFLANGE_>false</ENDFLANGE_>
      </attributes>
    </tag>
    <tag>
      <point x="115" y="380" />
      <point x="130" y="380" />
      <attributes>
        <ROTATION_>0</ROTATION_>
        <PATH_>\Instrumentation\Signal Line\Software Link.sym</PATH_>
        <TAG_>INSTRUMENT LINE PROCESS</TAG_>
        <ENDFLANGE_>false</ENDFLANGE_>
      </attributes>
    </tag>
    <tag>
      <point x="490" y="480" />
      <point x="510" y="480" />
      <attributes>
        <ROTATION_>0</ROTATION_>
        <PATH_>\Instrumentation\Signal Line\Software Link.sym</PATH_>
        <TAG_>INSTRUMENT LINE PROCESS</TAG_>
        <ENDFLANGE_>false</ENDFLANGE_>
      </attributes>
    </tag>
    <tag>
      <point x="140" y="380" />
      <point x="150" y="380" />
      <attributes>
        <ROTATION_>0</ROTATION_>
        <PATH_>\Instrumentation\Signal Line\Software Link.sym</PATH_>
        <TAG_>INSTRUMENT LINE PROCESS</TAG_>
        <ENDFLANGE_>false</ENDFLANGE_>
      </attributes>
    </tag>
    <tag>
      <point x="785" y="435" />
      <point x="800" y="435" />
      <attributes>
        <ROTATION_>0</ROTATION_>
        <PATH_>\Instrumentation\Signal Line\Connect to Process.sym</PATH_>
        <TAG_>INSTRUMENT LINE PROCESS</TAG_>
        <ENDFLANGE_>false</ENDFLANGE_>
      </attributes>
    </tag>
    <tag>
      <point x="155" y="485" />
      <point x="165" y="485" />
      <attributes>
        <ROTATION_>0</ROTATION_>
        <PATH_>\Instrumentation\Signal Line\Electric.sym</PATH_>
        <TAG_>INSTRUMENT LINE PROCESS</TAG_>
        <ENDFLANGE_>false</ENDFLANGE_>
      </attributes>
    </tag>
    <tag>
      <point x="165" y="380" />
      <point x="170" y="380" />
      <attributes>
        <ROTATION_>0</ROTATION_>
        <PATH_>\Instrumentation\Signal Line\Electric.sym</PATH_>
        <TAG_>INSTRUMENT LINE PROCESS</TAG_>
        <ENDFLANGE_>false</ENDFLANGE_>
      </attributes>
    </tag>
    <tag>
      <point x="525" y="480" />
      <point x="545" y="480" />
      <attributes>
        <ROTATION_>0</ROTATION_>
        <PATH_>\Instrumentation\Signal Line\Software Link.sym</PATH_>
        <TAG_>INSTRUMENT LINE PROCESS</TAG_>
        <ENDFLANGE_>false</ENDFLANGE_>
      </attributes>
    </tag>
    <tag>
      <point x="785" y="460" />
      <point x="805" y="460" />
      <attributes>
        <ROTATION_>0</ROTATION_>
        <PATH_>\Instrumentation\Signal Line\Connect to Process.sym</PATH_>
        <TAG_>INSTRUMENT LINE PROCESS</TAG_>
        <ENDFLANGE_>false</ENDFLANGE_>
      </attributes>
    </tag>
    <tag>
      <point x="180" y="380" />
      <point x="190" y="380" />
      <attributes>
        <ROTATION_>0</ROTATION_>
        <PATH_>\Instrumentation\Signal Line\Connect to Process.sym</PATH_>
        <TAG_>INSTRUMENT LINE PROCESS</TAG_>
        <ENDFLANGE_>false</ENDFLANGE_>
      </attributes>
    </tag>
    <tag>
      <point x="205" y="485" />
      <point x="215" y="485" />
      <attributes>
        <ROTATION_>0</ROTATION_>
        <PATH_>\Instrumentation\Signal Line\Software Link.sym</PATH_>
        <TAG_>INSTRUMENT LINE PROCESS</TAG_>
        <ENDFLANGE_>false</ENDFLANGE_>
      </attributes>
    </tag>
    <tag>
      <point x="135" y="485" />
      <point x="145" y="485" />
      <attributes>
        <ROTATION_>0</ROTATION_>
        <PATH_>\Instrumentation\Signal Line\Connect to Process.sym</PATH_>
        <TAG_>INSTRUMENT LINE PROCESS</TAG_>
        <ENDFLANGE_>false</ENDFLANGE_>
      </attributes>
    </tag>
    <tag>
      <point x="815" y="425" />
      <point x="825" y="425" />
      <attributes>
        <ROTATION_>0</ROTATION_>
        <PATH_>\Instrumentation\Signal Line\Connect to Process.sym</PATH_>
        <TAG_>INSTRUMENT LINE PROCESS</TAG_>
        <ENDFLANGE_>false</ENDFLANGE_>
      </attributes>
    </tag>
    <tag>
      <point x="215" y="410" />
      <point x="230" y="410" />
      <attributes>
        <ROTATION_>0</ROTATION_>
        <PATH_>\Instrumentation\Signal Line\Electric.sym</PATH_>
        <TAG_>INSTRUMENT LINE PROCESS</TAG_>
        <ENDFLANGE_>false</ENDFLANGE_>
      </attributes>
    </tag>
    <tag>
      <point x="280" y="530" />
      <point x="295" y="530" />
      <attributes>
        <ROTATION_>0</ROTATION_>
        <PATH_>\Instrumentation\Signal Line\Software Link.sym</PATH_>
        <TAG_>INSTRUMENT LINE PROCESS</TAG_>
        <ENDFLANGE_>false</ENDFLANGE_>
      </attributes>
    </tag>
    <tag>
      <point x="335" y="510" />
      <point x="340" y="510" />
      <attributes>
        <ROTATION_>0</ROTATION_>
        <PATH_>\Instrumentation\Signal Line\Electric.sym</PATH_>
        <TAG_>INSTRUMENT LINE PROCESS</TAG_>
        <ENDFLANGE_>false</ENDFLANGE_>
      </attributes>
    </tag>
    <tag>
      <point x="705" y="375" />
      <point x="710" y="375" />
      <attributes>
        <ROTATION_>0</ROTATION_>
        <PATH_>\Instrumentation\Signal Line\Connect to Process.sym</PATH_>
        <TAG_>INSTRUMENT LINE PROCESS</TAG_>
        <ENDFLANGE_>false</ENDFLANGE_>
      </attributes>
    </tag>
    <tag>
      <point x="485" y="470" />
      <point x="510" y="470" />
      <attributes>
        <ROTATION_>0</ROTATION_>
        <PATH_>\Instrumentation\Signal Line\Electric.sym</PATH_>
        <TAG_>INSTRUMENT LINE PROCESS</TAG_>
        <ENDFLANGE_>false</ENDFLANGE_>
      </attributes>
    </tag>
    <tag>
      <point x="500" y="460" />
      <point x="520" y="460" />
      <attributes>
        <ROTATION_>0</ROTATION_>
        <PATH_>\Instrumentation\Signal Line\Electric.sym</PATH_>
        <TAG_>INSTRUMENT LINE PROCESS</TAG_>
        <ENDFLANGE_>false</ENDFLANGE_>
      </attributes>
    </tag>
    <tag>
      <point x="325" y="495" />
      <point x="325" y="505" />
      <attributes>
        <ROTATION_>0</ROTATION_>
        <PATH_>\Instrumentation\Signal Line\Electric.sym</PATH_>
        <TAG_>INSTRUMENT LINE PROCESS</TAG_>
        <ENDFLANGE_>false</ENDFLANGE_>
      </attributes>
    </tag>
    <tag>
      <point x="485" y="425" />
      <point x="485" y="440" />
      <attributes>
        <ROTATION_>0</ROTATION_>
        <PATH_>\Instrumentation\Signal Line\Connect to Process.sym</PATH_>
        <TAG_>INSTRUMENT LINE PROCESS</TAG_>
        <ENDFLANGE_>false</ENDFLANGE_>
      </attributes>
    </tag>
    <tag>
      <point x="830" y="485" />
      <point x="830" y="500" />
      <attributes>
        <ROTATION_>0</ROTATION_>
        <PATH_>\Instrumentation\Signal Line\Connect to Process.sym</PATH_>
        <TAG_>INSTRUMENT LINE PROCESS</TAG_>
        <ENDFLANGE_>false</ENDFLANGE_>
      </attributes>
    </tag>
    <tag>
      <point x="785" y="435" />
      <point x="785" y="440" />
      <attributes>
        <ROTATION_>0</ROTATION_>
        <PATH_>\Instrumentation\Signal Line\Connect to Process.sym</PATH_>
        <TAG_>INSTRUMENT LINE PROCESS</TAG_>
        <ENDFLANGE_>false</ENDFLANGE_>
      </attributes>
    </tag>
    <tag>
      <point x="410" y="475" />
      <point x="410" y="485" />
      <attributes>
        <ROTATION_>0</ROTATION_>
        <PATH_>\Instrumentation\Signal Line\Connect to Process.sym</PATH_>
        <TAG_>INSTRUMENT LINE PROCESS</TAG_>
        <ENDFLANGE_>false</ENDFLANGE_>
      </attributes>
    </tag>
    <tag>
      <point x="785" y="455" />
      <point x="785" y="460" />
      <attributes>
        <ROTATION_>0</ROTATION_>
        <PATH_>\Instrumentation\Signal Line\Connect to Process.sym</PATH_>
        <TAG_>INSTRUMENT LINE PROCESS</TAG_>
        <ENDFLANGE_>false</ENDFLANGE_>
      </attributes>
    </tag>
    <tag>
      <point x="325" y="475" />
      <point x="325" y="485" />
      <attributes>
        <ROTATION_>0</ROTATION_>
        <PATH_>\Instrumentation\Signal Line\Connect to Process.sym</PATH_>
        <TAG_>INSTRUMENT LINE PROCESS</TAG_>
        <ENDFLANGE_>false</ENDFLANGE_>
      </attributes>
    </tag>
    <tag>
      <point x="300" y="475" />
      <point x="300" y="485" />
      <attributes>
        <ROTATION_>0</ROTATION_>
        <PATH_>\Instrumentation\Signal Line\Connect to Process.sym</PATH_>
        <TAG_>INSTRUMENT LINE PROCESS</TAG_>
        <ENDFLANGE_>false</ENDFLANGE_>
      </attributes>
    </tag>
    <tag>
      <point x="300" y="515" />
      <point x="300" y="520" />
      <attributes>
        <ROTATION_>0</ROTATION_>
        <PATH_>\Instrumentation\Signal Line\Software Link.sym</PATH_>
        <TAG_>INSTRUMENT LINE PROCESS</TAG_>
        <ENDFLANGE_>false</ENDFLANGE_>
      </attributes>
    </tag>
    <tag>
      <point x="855" y="485" />
      <point x="855" y="500" />
      <attributes>
        <ROTATION_>0</ROTATION_>
        <PATH_>\Instrumentation\Signal Line\Connect to Process.sym</PATH_>
        <TAG_>INSTRUMENT LINE PROCESS</TAG_>
        <ENDFLANGE_>false</ENDFLANGE_>
      </attributes>
    </tag>
    <tag>
      <point x="170" y="470" />
      <point x="170" y="480" />
      <attributes>
        <ROTATION_>0</ROTATION_>
        <PATH_>\Instrumentation\Signal Line\Electric.sym</PATH_>
        <TAG_>INSTRUMENT LINE PROCESS</TAG_>
        <ENDFLANGE_>false</ENDFLANGE_>
      </attributes>
    </tag>
    <tag>
      <point x="880" y="485" />
      <point x="880" y="500" />
      <attributes>
        <ROTATION_>0</ROTATION_>
        <PATH_>\Instrumentation\Signal Line\Connect to Process.sym</PATH_>
        <TAG_>INSTRUMENT LINE PROCESS</TAG_>
        <ENDFLANGE_>false</ENDFLANGE_>
      </attributes>
    </tag>
    <tag>
      <point x="325" y="515" />
      <point x="325" y="540" />
      <attributes>
        <ROTATION_>0</ROTATION_>
        <PATH_>\Instrumentation\Signal Line\Software Link.sym</PATH_>
        <TAG_>INSTRUMENT LINE PROCESS</TAG_>
        <ENDFLANGE_>false</ENDFLANGE_>
      </attributes>
    </tag>
    <tag>
      <point x="300" y="495" />
      <point x="300" y="505" />
      <attributes>
        <ROTATION_>0</ROTATION_>
        <PATH_>\Instrumentation\Signal Line\Electric.sym</PATH_>
        <TAG_>INSTRUMENT LINE PROCESS</TAG_>
        <ENDFLANGE_>false</ENDFLANGE_>
      </attributes>
    </tag>
    <tag>
      <point x="485" y="455" />
      <point x="485" y="470" />
      <attributes>
        <ROTATION_>0</ROTATION_>
        <PATH_>\Instrumentation\Signal Line\Electric.sym</PATH_>
        <TAG_>INSTRUMENT LINE PROCESS</TAG_>
        <ENDFLANGE_>false</ENDFLANGE_>
      </attributes>
    </tag>
    <tag>
      <point x="500" y="455" />
      <point x="500" y="460" />
      <attributes>
        <ROTATION_>0</ROTATION_>
        <PATH_>\Instrumentation\Signal Line\Electric.sym</PATH_>
        <TAG_>INSTRUMENT LINE PROCESS</TAG_>
        <ENDFLANGE_>false</ENDFLANGE_>
      </attributes>
    </tag>
    <tag>
      <point x="520" y="460" />
      <point x="520" y="470" />
      <attributes>
        <ROTATION_>0</ROTATION_>
        <PATH_>\Instrumentation\Signal Line\Electric.sym</PATH_>
        <TAG_>INSTRUMENT LINE PROCESS</TAG_>
        <ENDFLANGE_>false</ENDFLANGE_>
      </attributes>
    </tag>
  </component>
  <component type="Valves">
    <tag>
      <point x="95" y="330" />
      <point x="0" y="0" />
      <attributes>
        <ROTATION_>0</ROTATION_>
        <PATH_>\Piping\Fittings\Flanges and Unions\Flange.sym</PATH_>
        <TAG_>Valves</TAG_>
        <SIZE_>100</SIZE_>
        <ENDFLANGE_>false</ENDFLANGE_>
      </attributes>
    </tag>
    <tag>
      <point x="175" y="330" />
      <point x="0" y="0" />
      <attributes>
        <ROTATION_>0</ROTATION_>
        <PATH_>\Piping\Valves\2 Way Common\Gate Valve.sym</PATH_>
        <TAG_>Valves</TAG_>
        <SIZE_>100</SIZE_>
        <ENDFLANGE_>false</ENDFLANGE_>
      </attributes>
    </tag>
    <tag>
      <point x="95" y="355" />
      <point x="0" y="0" />
      <attributes>
        <ROTATION_>0</ROTATION_>
        <PATH_>\Piping\Fittings\Flanges and Unions\Flange.sym</PATH_>
        <TAG_>Valves</TAG_>
        <SIZE_>100</SIZE_>
        <ENDFLANGE_>false</ENDFLANGE_>
      </attributes>
    </tag>
    <tag>
      <point x="175" y="355" />
      <point x="0" y="0" />
      <attributes>
        <ROTATION_>0</ROTATION_>
        <PATH_>\Piping\Valves\2 Way Common\Gate Valve.sym</PATH_>
        <TAG_>Valves</TAG_>
        <SIZE_>100</SIZE_>
        <ENDFLANGE_>false</ENDFLANGE_>
      </attributes>
    </tag>
    <tag>
      <point x="695" y="365" />
      <point x="0" y="0" />
      <attributes>
        <ROTATION_>0</ROTATION_>
        <PATH_>\Piping\Valves\2 Way Common\Gate Valve.sym</PATH_>
        <TAG_>Valves</TAG_>
        <SIZE_>100</SIZE_>
        <ENDFLANGE_>false</ENDFLANGE_>
      </attributes>
    </tag>
    <tag>
      <point x="190" y="370" />
      <point x="0" y="0" />
      <attributes>
        <ROTATION_>1.5708</ROTATION_>
        <PATH_>\Piping\Fittings\Flanges and Unions\Flange.sym</PATH_>
        <TAG_>Valves</TAG_>
        <SIZE_>100</SIZE_>
        <ENDFLANGE_>false</ENDFLANGE_>
      </attributes>
    </tag>
    <tag>
      <point x="195" y="370" />
      <point x="0" y="0" />
      <attributes>
        <ROTATION_>1.5708</ROTATION_>
        <PATH_>\Piping\Fittings\Flanges and Unions\Flange.sym</PATH_>
        <TAG_>Valves</TAG_>
        <SIZE_>100</SIZE_>
        <ENDFLANGE_>false</ENDFLANGE_>
      </attributes>
    </tag>
    <tag>
      <point x="710" y="375" />
      <point x="0" y="0" />
      <attributes>
        <ROTATION_>0</ROTATION_>
        <PATH_>\Instrumentation\Relief Devices\Press Relief Valve.sym</PATH_>
        <TAG_>Valves</TAG_>
        <SIZE_>100</SIZE_>
        <ENDFLANGE_>false</ENDFLANGE_>
      </attributes>
    </tag>
    <tag>
      <point x="685" y="410" />
      <point x="0" y="0" />
      <attributes>
        <ROTATION_>1.5708</ROTATION_>
        <PATH_>\Piping\Fittings\Flanges and Unions\Flange.sym</PATH_>
        <TAG_>Valves</TAG_>
        <SIZE_>100</SIZE_>
        <ENDFLANGE_>true</ENDFLANGE_>
      </attributes>
    </tag>
    <tag>
      <point x="735" y="410" />
      <point x="0" y="0" />
      <attributes>
        <ROTATION_>1.5708</ROTATION_>
        <PATH_>\Piping\Fittings\Flanges and Unions\Flange.sym</PATH_>
        <TAG_>Valves</TAG_>
        <SIZE_>100</SIZE_>
        <ENDFLANGE_>true</ENDFLANGE_>
      </attributes>
    </tag>
    <tag>
      <point x="805" y="410" />
      <point x="0" y="0" />
      <attributes>
        <ROTATION_>1.570796326795</ROTATION_>
        <PATH_>\Piping\Valves\2 Way Common\Gate Valve.sym</PATH_>
        <TAG_>Valves</TAG_>
        <SIZE_>100</SIZE_>
        <ENDFLANGE_>false</ENDFLANGE_>
      </attributes>
    </tag>
    <tag>
      <point x="485" y="425" />
      <point x="0" y="0" />
      <attributes>
        <ROTATION_>3.14159265359</ROTATION_>
        <PATH_>\Piping\Valves\2 Way Common\Butterfly Valve.sym</PATH_>
        <TAG_>Valves</TAG_>
        <SIZE_>100</SIZE_>
        <ENDFLANGE_>false</ENDFLANGE_>
      </attributes>
    </tag>
    <tag>
      <point x="665" y="425" />
      <point x="0" y="0" />
      <attributes>
        <ROTATION_>0</ROTATION_>
        <PATH_>\Piping\Fittings\Flanges and Unions\Flange.sym</PATH_>
        <TAG_>Valves</TAG_>
        <SIZE_>100</SIZE_>
        <ENDFLANGE_>true</ENDFLANGE_>
      </attributes>
    </tag>
    <tag>
      <point x="750" y="425" />
      <point x="0" y="0" />
      <attributes>
        <ROTATION_>-3.14159</ROTATION_>
        <PATH_>\Piping\Fittings\Flanges and Unions\Flange.sym</PATH_>
        <TAG_>Valves</TAG_>
        <SIZE_>100</SIZE_>
        <ENDFLANGE_>true</ENDFLANGE_>
      </attributes>
    </tag>
    <tag>
      <point x="765" y="425" />
      <point x="0" y="0" />
      <attributes>
        <ROTATION_>0</ROTATION_>
        <PATH_>\Piping\Fittings\Flanges and Unions\Flange.sym</PATH_>
        <TAG_>Valves</TAG_>
        <SIZE_>100</SIZE_>
        <ENDFLANGE_>false</ENDFLANGE_>
      </attributes>
    </tag>
    <tag>
      <point x="145" y="430" />
      <point x="0" y="0" />
      <attributes>
        <ROTATION_>-3.14159</ROTATION_>
        <PATH_>\Piping\Fittings\Flanges and Unions\Flange.sym</PATH_>
        <TAG_>Valves</TAG_>
        <SIZE_>100</SIZE_>
        <ENDFLANGE_>true</ENDFLANGE_>
      </attributes>
    </tag>
    <tag>
      <point x="195" y="430" />
      <point x="0" y="0" />
      <attributes>
        <ROTATION_>0</ROTATION_>
        <PATH_>\Piping\Fittings\Flanges and Unions\Flange.sym</PATH_>
        <TAG_>Valves</TAG_>
        <SIZE_>100</SIZE_>
        <ENDFLANGE_>true</ENDFLANGE_>
      </attributes>
    </tag>
    <tag>
      <point x="225" y="435" />
      <point x="0" y="0" />
      <attributes>
        <ROTATION_>-3.14159</ROTATION_>
        <PATH_>\Piping\Fittings\Flanges and Unions\Flange.sym</PATH_>
        <TAG_>Valves</TAG_>
        <SIZE_>100</SIZE_>
        <ENDFLANGE_>true</ENDFLANGE_>
      </attributes>
    </tag>
    <tag>
      <point x="280" y="435" />
      <point x="0" y="0" />
      <attributes>
        <ROTATION_>0</ROTATION_>
        <PATH_>\Piping\Fittings\Flanges and Unions\Flange.sym</PATH_>
        <TAG_>Valves</TAG_>
        <SIZE_>100</SIZE_>
        <ENDFLANGE_>true</ENDFLANGE_>
      </attributes>
    </tag>
    <tag>
      <point x="135" y="460" />
      <point x="0" y="0" />
      <attributes>
        <ROTATION_>-1.5708</ROTATION_>
        <PATH_>\Piping\Fittings\Flanges and Unions\Flange.sym</PATH_>
        <TAG_>Valves</TAG_>
        <SIZE_>100</SIZE_>
        <ENDFLANGE_>true</ENDFLANGE_>
      </attributes>
    </tag>
    <tag>
      <point x="290" y="465" />
      <point x="0" y="0" />
      <attributes>
        <ROTATION_>-1.5708</ROTATION_>
        <PATH_>\Piping\Fittings\Flanges and Unions\Flange.sym</PATH_>
        <TAG_>Valves</TAG_>
        <SIZE_>100</SIZE_>
        <ENDFLANGE_>true</ENDFLANGE_>
      </attributes>
    </tag>
    <tag>
      <point x="395" y="475" />
      <point x="0" y="0" />
      <attributes>
        <ROTATION_>0</ROTATION_>
        <PATH_>\Piping\Valves\2 Way Common\Check Valve.sym</PATH_>
        <TAG_>Valves</TAG_>
        <SIZE_>100</SIZE_>
        <ENDFLANGE_>false</ENDFLANGE_>
      </attributes>
    </tag>
    <tag>
      <point x="425" y="475" />
      <point x="0" y="0" />
      <attributes>
        <ROTATION_>0</ROTATION_>
        <PATH_>\Piping\Fittings\Flanges and Unions\Flange.sym</PATH_>
        <TAG_>Valves</TAG_>
        <SIZE_>100</SIZE_>
        <ENDFLANGE_>true</ENDFLANGE_>
      </attributes>
    </tag>
    <tag>
      <point x="430" y="475" />
      <point x="0" y="0" />
      <attributes>
        <ROTATION_>0</ROTATION_>
        <PATH_>\Piping\Specialty Components\Misc\Flexible Hose.sym</PATH_>
        <TAG_>Valves</TAG_>
        <SIZE_>100</SIZE_>
        <ENDFLANGE_>false</ENDFLANGE_>
      </attributes>
    </tag>
    <tag>
      <point x="435" y="475" />
      <point x="0" y="0" />
      <attributes>
        <ROTATION_>-3.14159</ROTATION_>
        <PATH_>\Piping\Fittings\Flanges and Unions\Flange.sym</PATH_>
        <TAG_>Valves</TAG_>
        <SIZE_>100</SIZE_>
        <ENDFLANGE_>true</ENDFLANGE_>
      </attributes>
    </tag>
    <tag>
      <point x="375" y="515" />
      <point x="0" y="0" />
      <attributes>
        <ROTATION_>0</ROTATION_>
        <PATH_>\Instrumentation\Relief Devices\Press Relief Valve.sym</PATH_>
        <TAG_>Valves</TAG_>
        <SIZE_>100</SIZE_>
        <ENDFLANGE_>false</ENDFLANGE_>
      </attributes>
    </tag>
    <tag>
      <point x="135" y="520" />
      <point x="0" y="0" />
      <attributes>
        <ROTATION_>-1.5708</ROTATION_>
        <PATH_>\Piping\Fittings\Flanges and Unions\Flange.sym</PATH_>
        <TAG_>Valves</TAG_>
        <SIZE_>100</SIZE_>
        <ENDFLANGE_>true</ENDFLANGE_>
      </attributes>
    </tag>
  </component>
</components>